Data;Nr. Operações;Volume;Média;Fator Diário;Mínima;Máxima;Moda;Dsv Pdr;Taxa SELIC
02/07/2018;8;3116441,26;6,39;1,00024583;-;-;-;-;6,4
03/07/2018;10;3335864,48;6,39;1,00024583;6;6,39;6,2;0,032879;6,4
04/07/2018;8;3684794,21;6,39;1,00024583;-;-;-;-;6,4
05/07/2018;8;3663811,57;6,39;1,00024583;-;-;-;-;6,4
06/07/2018;8;3643587,3;6,39;1,00024583;-;-;-;-;6,4
09/07/2018;8;3526258,67;6,39;1,00024583;-;-;-;-;6,4
10/07/2018;9;3618402,6;6,39;1,00024583;-;-;-;-;6,4
11/07/2018;9;3573509,43;6,39;1,00024583;-;-;-;-;6,4
12/07/2018;8;3540193,26;6,39;1,00024583;-;-;-;-;6,4
13/07/2018;9;3499555,7;6,39;1,00024583;-;-;-;-;6,4
16/07/2018;8;3402293,51;6,39;1,00024583;-;-;-;-;6,4
17/07/2018;9;3404811,16;6,39;1,00024583;-;-;-;-;6,4
18/07/2018;8;3389048,72;6,39;1,00024583;-;-;-;-;6,4
19/07/2018;8;3389533,94;6,39;1,00024583;-;-;-;-;6,4
20/07/2018;8;3375041,29;6,39;1,00024583;-;-;-;-;6,4
23/07/2018;9;3386372,51;6,39;1,00024583;-;-;-;-;6,4
24/07/2018;8;3393306,98;6,39;1,00024583;-;-;-;-;6,4
25/07/2018;9;3381881,91;6,39;1,00024583;-;-;-;-;6,4
26/07/2018;8;3269767,1;6,39;1,00024583;-;-;-;-;6,4
27/07/2018;8;3227710,03;6,39;1,00024583;-;-;-;-;6,4
30/07/2018;8;3235410,95;6,39;1,00024583;-;-;-;-;6,4
31/07/2018;6;3213652,23;6,39;1,00024583;-;-;-;-;6,4
01/08/2018;7;3200207,58;6,39;1,00024583;-;-;-;-;6,4
02/08/2018;7;3431728,87;6,39;1,00024583;-;-;-;-;6,4
03/08/2018;7;3627501,02;6,39;1,00024583;-;-;-;-;6,4
06/08/2018;7;3631515,98;6,39;1,00024583;-;-;-;-;6,4
07/08/2018;8;3614004,79;6,39;1,00024583;-;-;-;-;6,4
08/08/2018;8;3599262,77;6,39;1,00024583;-;-;-;-;6,4
09/08/2018;7;3557638,94;6,39;1,00024583;-;-;-;-;6,4
10/08/2018;7;3535552,16;6,39;1,00024583;-;-;-;-;6,4
13/08/2018;7;3502530,88;6,39;1,00024583;-;-;-;-;6,4
14/08/2018;5;3448160;6,39;1,00024583;-;-;-;-;6,4
15/08/2018;5;3636112,6;6,39;1,00024583;-;-;-;-;6,4
16/08/2018;7;3656511,54;6,39;1,00024583;-;-;-;-;6,4
17/08/2018;7;3663356,47;6,39;1,00024583;-;-;-;-;6,4
20/08/2018;7;3643185,49;6,39;1,00024583;-;-;-;-;6,4
21/08/2018;7;3639061,34;6,39;1,00024583;-;-;-;-;6,4
22/08/2018;7;3629987,06;6,39;1,00024583;-;-;-;-;6,4
23/08/2018;7;3620419,02;6,39;1,00024583;-;-;-;-;6,4
24/08/2018;7;3609414,53;6,39;1,00024583;-;-;-;-;6,4
27/08/2018;7;3575159,84;6,39;1,00024583;-;-;-;-;6,4
28/08/2018;7;3575249,46;6,39;1,00024583;-;-;-;-;6,4
29/08/2018;9;3554073,55;6,39;1,00024583;-;-;-;-;6,4
30/08/2018;7;3546632,33;6,39;1,00024583;-;-;-;-;6,4
31/08/2018;7;3537828,6;6,39;1,00024583;-;-;-;-;6,4
03/09/2018;8;3538455,58;6,39;1,00024583;-;-;-;-;6,4
04/09/2018;7;3748893,98;6,39;1,00024583;-;-;-;-;6,4
05/09/2018;8;3929497,98;6,39;1,00024583;-;-;-;-;6,4
06/09/2018;7;3904916,52;6,39;1,00024583;-;-;-;-;6,4
10/09/2018;6;3879440,56;6,39;1,00024583;-;-;-;-;6,4
11/09/2018;7;3894591,46;6,39;1,00024583;-;-;-;-;6,4
12/09/2018;9;3832914,04;6,39;1,00024583;-;-;-;-;6,4
13/09/2018;9;3852787,67;6,39;1,00024583;-;-;-;-;6,4
14/09/2018;9;3824814,32;6,39;1,00024583;-;-;-;-;6,4
17/09/2018;7;3756974,6;6,39;1,00024583;-;-;-;-;6,4
18/09/2018;7;3746646,51;6,39;1,00024583;-;-;-;-;6,4
19/09/2018;6;3764183,27;6,39;1,00024583;-;-;-;-;6,4
20/09/2018;5;3698307,17;6,39;1,00024583;-;-;-;-;6,4
21/09/2018;7;3706240,9;6,39;1,00024583;-;-;-;-;6,4
24/09/2018;8;3706743,64;6,39;1,00024583;-;-;-;-;6,4
25/09/2018;7;3708485,21;6,39;1,00024583;-;-;-;-;6,4
26/09/2018;8;3710079,99;6,39;1,00024583;-;-;-;-;6,4
27/09/2018;7;3642878,82;6,39;1,00024583;-;-;-;-;6,4
28/09/2018;6;3624300,72;6,39;1,00024583;-;-;-;-;6,4
01/10/2018;7;3633829,71;6,4;1,0002462;-;-;-;-;6,4
02/10/2018;6;3869375,14;6,4;1,0002462;-;-;-;-;6,4
03/10/2018;6;4060201,02;6,4;1,0002462;-;-;-;-;6,4
04/10/2018;6;4049513,39;6,4;1,0002462;-;-;-;-;6,4
05/10/2018;6;4026135,31;6,4;1,0002462;-;-;-;-;6,4
08/10/2018;6;4023815,04;6,4;1,0002462;-;-;-;-;6,4
09/10/2018;8;4006571,1;6,4;1,0002462;-;-;-;-;6,4
10/10/2018;7;3960724,8;6,4;1,0002462;-;-;-;-;6,4
11/10/2018;8;3976612,29;6,4;1,0002462;-;-;-;-;6,4
15/10/2018;7;3882684,96;6,4;1,0002462;-;-;-;-;6,4
16/10/2018;9;3965276,32;6,4;1,0002462;-;-;-;-;6,4
17/10/2018;9;3993775,56;6,4;1,0002462;-;-;-;-;6,4
18/10/2018;8;3974814,53;6,4;1,0002462;-;-;-;-;6,4
19/10/2018;9;3978294,04;6,4;1,0002462;-;-;-;-;6,4
22/10/2018;8;3982684,02;6,4;1,0002462;-;-;-;-;6,4
23/10/2018;7;3979320,88;6,4;1,0002462;-;-;-;-;6,4
24/10/2018;8;3943159,53;6,4;1,0002462;-;-;-;-;6,4
25/10/2018;8;3927915,17;6,4;1,0002462;-;-;-;-;6,4
26/10/2018;7;3813204,15;6,4;1,0002462;-;-;-;-;6,4
29/10/2018;7;3778537,95;6,4;1,0002462;-;-;-;-;6,4
30/10/2018;7;3771344,29;6,4;1,0002462;-;-;-;-;6,4
31/10/2018;6;3731172,6;6,4;1,0002462;-;-;-;-;6,4
01/11/2018;7;3721447,23;6,4;1,0002462;-;-;-;-;6,4
05/11/2018;6;3951352,65;6,4;1,0002462;-;-;-;-;6,4
06/11/2018;5;4133712,15;6,4;1,0002462;-;-;-;-;6,4
07/11/2018;8;4068008,34;6,4;1,0002462;-;-;-;-;6,4
08/11/2018;7;4057491,97;6,4;1,0002462;-;-;-;-;6,4
09/11/2018;7;4060402,6;6,4;1,0002462;-;-;-;-;6,4
12/11/2018;7;4051985,23;6,4;1,0002462;-;-;-;-;6,4
13/11/2018;8;4045713,19;6,4;1,0002462;-;-;-;-;6,4
14/11/2018;7;3982404,89;6,4;1,0002462;-;-;-;-;6,4
16/11/2018;9;3966222,3;6,4;1,0002462;-;-;-;-;6,4
19/11/2018;7;3923688,45;6,4;1,0002462;-;-;-;-;6,4
20/11/2018;9;3899002,41;6,4;1,0002462;-;-;-;-;6,4
21/11/2018;7;3874690,79;6,4;1,0002462;-;-;-;-;6,4
22/11/2018;7;3812326,43;6,4;1,0002462;-;-;-;-;6,4
23/11/2018;6;3794384,19;6,4;1,0002462;-;-;-;-;6,4
26/11/2018;7;3879374,59;6,4;1,0002462;-;-;-;-;6,4
27/11/2018;7;3829510,3;6,4;1,0002462;-;-;-;-;6,4
28/11/2018;7;3763081,84;6,4;1,0002462;-;-;-;-;6,4
29/11/2018;7;3726176,57;6,4;1,0002462;-;-;-;-;6,4
30/11/2018;5;3672084,81;6,4;1,0002462;-;-;-;-;6,4
03/12/2018;6;3675840,38;6,4;1,0002462;-;-;-;-;6,4
04/12/2018;7;3939815,68;6,4;1,0002462;-;-;-;-;6,4
05/12/2018;8;4275475,68;6,4;1,0002462;-;-;-;-;6,4
06/12/2018;6;4203726,47;6,4;1,0002462;-;-;-;-;6,4
07/12/2018;6;4129582,6;6,4;1,0002462;-;-;-;-;6,4
10/12/2018;6;4138353,17;6,4;1,0002462;-;-;-;-;6,4
11/12/2018;6;4128508,75;6,4;1,0002462;-;-;-;-;6,4
12/12/2018;7;4064613,08;6,4;1,0002462;-;-;-;-;6,4
13/12/2018;7;4070323,38;6,4;1,0002462;-;-;-;-;6,4
14/12/2018;6;4054151,15;6,4;1,0002462;-;-;-;-;6,4
17/12/2018;8;3963261,9;6,4;1,0002462;-;-;-;-;6,4
18/12/2018;9;4002989,64;6,4;1,0002462;-;-;-;-;6,4
19/12/2018;7;4020581,72;6,4;1,0002462;-;-;-;-;6,4
20/12/2018;6;3919525,24;6,4;1,0002462;-;-;-;-;6,4
21/12/2018;6;3969638,72;6,4;1,0002462;-;-;-;-;6,4
24/12/2018;5;3995475,94;6,4;1,0002462;-;-;-;-;6,4
26/12/2018;5;3913530,17;6,4;1,0002462;-;-;-;-;6,4
27/12/2018;5;3849827,49;6,4;1,0002462;-;-;-;-;6,4
28/12/2018;4;3819861,21;6,4;1,0002462;-;-;-;-;6,4
31/12/2018;4;3818296,93;6,4;1,0002462;-;-;-;-;6,4
02/01/2019;5;3805569,06;6,4;1,0002462;-;-;-;-;6,4
03/01/2019;7;4056329,23;6,4;1,0002462;-;-;-;-;6,4
04/01/2019;6;4274971,68;6,4;1,0002462;-;-;-;-;6,4
07/01/2019;7;4287214,29;6,4;1,0002462;-;-;-;-;6,4
08/01/2019;6;4269605,66;6,4;1,0002462;-;-;-;-;6,4
09/01/2019;7;4213645,44;6,4;1,0002462;-;-;-;-;6,4
10/01/2019;7;4194954,35;6,4;1,0002462;-;-;-;-;6,4
11/01/2019;8;4187586,24;6,4;1,0002462;-;-;-;-;6,4
14/01/2019;7;4111054,37;6,4;1,0002462;-;-;-;-;6,4
15/01/2019;8;4103623,17;6,4;1,0002462;-;-;-;-;6,4
16/01/2019;8;4065649,8;6,4;1,0002462;-;-;-;-;6,4
17/01/2019;8;4057961,92;6,4;1,0002462;-;-;-;-;6,4
18/01/2019;8;4034477,05;6,4;1,0002462;-;-;-;-;6,4
21/01/2019;8;4027714,96;6,4;1,0002462;-;-;-;-;6,4
22/01/2019;8;4019092,73;6,4;1,0002462;-;-;-;-;6,4
23/01/2019;8;4004001,72;6,4;1,0002462;-;-;-;-;6,4
24/01/2019;7;3976684,77;6,4;1,0002462;-;-;-;-;6,4
25/01/2019;7;3913655,71;6,4;1,0002462;-;-;-;-;6,4
28/01/2019;7;3922009,64;6,4;1,0002462;-;-;-;-;6,4
29/01/2019;7;3915415,83;6,4;1,0002462;-;-;-;-;6,4
30/01/2019;7;3893536,62;6,4;1,0002462;-;-;-;-;6,4
31/01/2019;7;3879787,08;6,4;1,0002462;-;-;-;-;6,4
01/02/2019;7;3857148,88;6,4;1,0002462;-;-;-;-;6,4
04/02/2019;7;4093141,86;6,4;1,0002462;-;-;-;-;6,4
05/02/2019;7;4317325,43;6,4;1,0002462;-;-;-;-;6,4
06/02/2019;6;4283594,82;6,4;1,0002462;-;-;-;-;6,4
07/02/2019;7;4275958,13;6,4;1,0002462;-;-;-;-;6,4
08/02/2019;7;4243621,24;6,4;1,0002462;-;-;-;-;6,4
11/02/2019;7;4234224,13;6,4;1,0002462;-;-;-;-;6,4
12/02/2019;8;4212463,42;6,4;1,0002462;-;-;-;-;6,4
13/02/2019;7;4137177,74;6,4;1,0002462;-;-;-;-;6,4
14/02/2019;8;4109906,13;6,4;1,0002462;-;-;-;-;6,4
15/02/2019;8;4098832,11;6,4;1,0002462;-;-;-;-;6,4
18/02/2019;8;4036086,89;6,4;1,0002462;-;-;-;-;6,4
19/02/2019;7;4013107,59;6,4;1,0002462;-;-;-;-;6,4
20/02/2019;7;3925031,5;6,4;1,0002462;-;-;-;-;6,4
21/02/2019;7;3897614,46;6,4;1,0002462;-;-;-;-;6,4
22/02/2019;7;3877330,92;6,4;1,0002462;-;-;-;-;6,4
25/02/2019;7;3909934,01;6,4;1,0002462;-;-;-;-;6,4
26/02/2019;7;3901655,37;6,4;1,0002462;-;-;-;-;6,4
27/02/2019;7;3806140,86;6,4;1,0002462;-;-;-;-;6,4
28/02/2019;6;3750302,22;6,4;1,0002462;-;-;-;-;6,4
01/03/2019;6;3725954,49;6,4;1,0002462;-;-;-;-;6,4
06/03/2019;6;3941048,77;6,4;1,0002462;-;-;-;-;6,4
07/03/2019;6;4162458,77;6,4;1,0002462;-;-;-;-;6,4
08/03/2019;6;4200117,53;6,4;1,0002462;-;-;-;-;6,4
11/03/2019;6;4211157,9;6,4;1,0002462;-;-;-;-;6,4
12/03/2019;6;3999582,39;6,4;1,0002462;-;-;-;-;6,4
13/03/2019;6;4069483,74;6,4;1,0002462;-;-;-;-;6,4
14/03/2019;5;4060608,02;6,4;1,0002462;-;-;-;-;6,4
15/03/2019;7;3919779,76;6,4;1,0002462;-;-;-;-;6,4
18/03/2019;5;3838053,11;6,4;1,0002462;-;-;-;-;6,4
19/03/2019;6;3800013,7;6,4;1,0002462;-;-;-;-;6,4
20/03/2019;6;3767898,31;6,4;1,0002462;-;-;-;-;6,4
21/03/2019;6;3761020,56;6,4;1,0002462;-;-;-;-;6,4
22/03/2019;6;3741926,41;6,4;1,0002462;-;-;-;-;6,4
25/03/2019;7;3717077;6,4;1,0002462;-;-;-;-;6,4
26/03/2019;6;3640268,06;6,4;1,0002462;-;-;-;-;6,4
27/03/2019;6;3433437,15;6,4;1,0002462;-;-;-;-;6,4
28/03/2019;5;3413893,71;6,4;1,0002462;-;-;-;-;6,4
29/03/2019;6;3358303,95;6,4;1,0002462;-;-;-;-;6,4
01/04/2019;5;3369438,99;6,4;1,0002462;-;-;-;-;6,4
02/04/2019;6;3575962,7;6,4;1,0002462;-;-;-;-;6,4
03/04/2019;6;3792771,35;6,4;1,0002462;-;-;-;-;6,4
04/04/2019;5;3771906,31;6,4;1,0002462;-;-;-;-;6,4
05/04/2019;6;3751510,64;6,4;1,0002462;-;-;-;-;6,4
08/04/2019;6;3741839,22;6,4;1,0002462;-;-;-;-;6,4
09/04/2019;5;3703602,21;6,4;1,0002462;-;-;-;-;6,4
10/04/2019;6;3695144,02;6,4;1,0002462;-;-;-;-;6,4
11/04/2019;6;3670128,38;6,4;1,0002462;-;-;-;-;6,4
12/04/2019;6;3645729,89;6,4;1,0002462;-;-;-;-;6,4
15/04/2019;4;3567911,41;6,4;1,0002462;-;-;-;-;6,4
16/04/2019;7;3551332,64;6,4;1,0002462;-;-;-;-;6,4
17/04/2019;6;3403348,17;6,4;1,0002462;-;-;-;-;6,4
18/04/2019;8;3376705,82;6,4;1,0002462;-;-;-;-;6,4
22/04/2019;7;3456554,52;6,4;1,0002462;-;-;-;-;6,4
23/04/2019;7;3404536,64;6,4;1,0002462;-;-;-;-;6,4
24/04/2019;8;3415897,66;6,4;1,0002462;-;-;-;-;6,4
25/04/2019;7;3390330,83;6,4;1,0002462;-;-;-;-;6,4
26/04/2019;7;3363503,33;6,4;1,0002462;-;-;-;-;6,4
29/04/2019;8;3452336,68;6,4;1,0002462;-;-;-;-;6,4
30/04/2019;7;3244139,53;6,4;1,0002462;-;-;-;-;6,4
02/05/2019;7;3293160,59;6,4;1,0002462;-;-;-;-;6,4
03/05/2019;7;3535855,39;6,4;1,0002462;-;-;-;-;6,4
06/05/2019;8;3771024,31;6,4;1,0002462;-;-;-;-;6,4
07/05/2019;8;3773300,18;6,4;1,0002462;-;-;-;-;6,4
08/05/2019;9;3632592,15;6,4;1,0002462;-;-;-;-;6,4
09/05/2019;7;3595467,39;6,4;1,0002462;-;-;-;-;6,4
10/05/2019;8;3596116,18;6,4;1,0002462;-;-;-;-;6,4
13/05/2019;7;3560923,57;6,4;1,0002462;-;-;-;-;6,4
14/05/2019;7;3543236,15;6,4;1,0002462;-;-;-;-;6,4
15/05/2019;9;3520709,89;6,4;1,0002462;-;-;-;-;6,4
16/05/2019;8;3537875,02;6,4;1,0002462;-;-;-;-;6,4
17/05/2019;9;3540707,83;6,4;1,0002462;-;-;-;-;6,4
20/05/2019;7;3449699,45;6,4;1,0002462;-;-;-;-;6,4
21/05/2019;7;3466391,31;6,4;1,0002462;-;-;-;-;6,4
22/05/2019;10;3611957,06;6,4;1,0002462;-;-;-;-;6,4
23/05/2019;6;3402301,21;6,4;1,0002462;-;-;-;-;6,4
24/05/2019;8;3404208,82;6,4;1,0002462;-;-;-;-;6,4
27/05/2019;6;3362236,22;6,4;1,0002462;-;-;-;-;6,4
28/05/2019;7;3337147,6;6,4;1,0002462;-;-;-;-;6,4
29/05/2019;6;3323406,42;6,4;1,0002462;-;-;-;-;6,4
30/05/2019;7;3328311,66;6,4;1,0002462;-;-;-;-;6,4
31/05/2019;5;3234537,08;6,4;1,0002462;-;-;-;-;6,4
03/06/2019;7;3255170,16;6,4;1,0002462;-;-;-;-;6,4
04/06/2019;7;3470040,91;6,4;1,0002462;-;-;-;-;6,4
05/06/2019;7;3654382,54;6,4;1,0002462;-;-;-;-;6,4
06/06/2019;8;3621182,63;6,4;1,0002462;-;-;-;-;6,4
07/06/2019;6;3539714,59;6,4;1,0002462;-;-;-;-;6,4
10/06/2019;8;3694913,61;6,4;1,0002462;-;-;-;-;6,4
11/06/2019;8;3660217,65;6,4;1,0002462;-;-;-;-;6,4
12/06/2019;8;3577332,36;6,4;1,0002462;-;-;-;-;6,4
13/06/2019;8;3659753,73;6,4;1,0002462;-;-;-;-;6,4
14/06/2019;6;3499024,64;6,4;1,0002462;-;-;-;-;6,4
17/06/2019;7;3467827,89;6,4;1,0002462;-;-;-;-;6,4
18/06/2019;8;3461401,85;6,4;1,0002462;-;-;-;-;6,4
19/06/2019;6;3287854,6;6,4;1,0002462;-;-;-;-;6,4
21/06/2019;7;3429402,38;6,4;1,0002462;-;-;-;-;6,4
24/06/2019;6;3487362,92;6,4;1,0002462;-;-;-;-;6,4
25/06/2019;6;3470576,58;6,4;1,0002462;-;-;-;-;6,4
26/06/2019;6;3416428,05;6,4;1,0002462;-;-;-;-;6,4
27/06/2019;7;3435780,11;6,4;1,0002462;-;-;-;-;6,4
28/06/2019;6;3249398,8;6,4;1,0002462;-;-;-;-;6,4
01/07/2019;5;3308517,76;6,4;1,0002462;-;-;-;-;6,4
02/07/2019;6;3524868,15;6,4;1,0002462;-;-;-;-;6,4
03/07/2019;7;3947116,54;6,4;1,0002462;-;-;-;-;6,4
04/07/2019;6;3905082,14;6,4;1,0002462;-;-;-;-;6,4
05/07/2019;5;3807885,92;6,4;1,0002462;-;-;-;-;6,4
08/07/2019;6;3831979,76;6,4;1,0002462;-;-;-;-;6,4
09/07/2019;7;3819083,94;6,4;1,0002462;-;-;-;-;6,4
10/07/2019;6;3710362,22;6,4;1,0002462;-;-;-;-;6,4
11/07/2019;6;3725916,96;6,4;1,0002462;-;-;-;-;6,4
12/07/2019;5;3679945,84;6,4;1,0002462;-;-;-;-;6,4
15/07/2019;5;3583919,68;6,4;1,0002462;-;-;-;-;6,4
16/07/2019;6;3590515,41;6,4;1,0002462;-;-;-;-;6,4
17/07/2019;5;3560808,69;6,4;1,0002462;-;-;-;-;6,4
18/07/2019;6;3548189,3;6,4;1,0002462;-;-;-;-;6,4
19/07/2019;6;3517118,52;6,4;1,0002462;-;-;-;-;6,4
22/07/2019;6;3673552,88;6,4;1,0002462;-;-;-;-;6,4
23/07/2019;5;3635117,26;6,4;1,0002462;-;-;-;-;6,4
24/07/2019;5;3634943,35;6,4;1,0002462;-;-;-;-;6,4
25/07/2019;6;3641032,84;6,4;1,0002462;-;-;-;-;6,4
26/07/2019;6;3598577,68;6,4;1,0002462;-;-;-;-;6,4
29/07/2019;6;3469168,09;6,4;1,0002462;-;-;-;-;6,4
30/07/2019;7;3448005,74;6,4;1,0002462;-;-;-;-;6,4
31/07/2019;4;3367156,55;6,4;1,0002462;-;-;-;-;6,4
01/08/2019;4;3362785,47;5,9;1,00022751;-;-;-;-;5,9
02/08/2019;4;3598688,03;5,9;1,00022751;-;-;-;-;5,9
05/08/2019;5;3867362,86;5,9;1,00022751;-;-;-;-;5,9
06/08/2019;5;3816086,29;5,9;1,00022751;-;-;-;-;5,9
07/08/2019;4;3711414,61;5,9;1,00022751;-;-;-;-;5,9
08/08/2019;4;3683005,51;5,9;1,00022751;-;-;-;-;5,9
09/08/2019;4;3675861,07;5,9;1,00022751;-;-;-;-;5,9
12/08/2019;6;3640856,88;5,9;1,00022751;-;-;-;-;5,9
13/08/2019;4;3601543,95;5,9;1,00022751;-;-;-;-;5,9
14/08/2019;3;3408126,39;5,9;1,00022751;-;-;-;-;5,9
15/08/2019;5;3382591,97;5,9;1,00022751;-;-;-;-;5,9
16/08/2019;5;3395544,02;5,9;1,00022751;-;-;-;-;5,9
19/08/2019;5;3318934,1;5,9;1,00022751;-;-;-;-;5,9
20/08/2019;3;3292477,05;5,9;1,00022751;-;-;-;-;5,9
21/08/2019;4;3257307,55;5,9;1,00022751;-;-;-;-;5,9
22/08/2019;7;3368869,22;5,9;1,00022751;-;-;-;-;5,9
23/08/2019;8;3421707,05;5,9;1,00022751;-;-;-;-;5,9
26/08/2019;8;3468009,75;5,9;1,00022751;-;-;-;-;5,9
27/08/2019;5;3583970,36;5,9;1,00022751;-;-;-;-;5,9
28/08/2019;6;3473776,27;5,9;1,00022751;-;-;-;-;5,9
29/08/2019;6;3476721,89;5,9;1,00022751;-;-;-;-;5,9
30/08/2019;6;3444875,75;5,9;1,00022751;-;-;-;-;5,9
02/09/2019;7;3470910,22;5,9;1,00022751;-;-;-;-;5,9
03/09/2019;8;3683400,44;5,9;1,00022751;-;-;-;-;5,9
04/09/2019;8;3902617,1;5,9;1,00022751;-;-;-;-;5,9
05/09/2019;6;3884673,64;5,9;1,00022751;-;-;-;-;5,9
06/09/2019;7;3799798,03;5,9;1,00022751;-;-;-;-;5,9
09/09/2019;5;3819443,09;5,9;1,00022751;-;-;-;-;5,9
10/09/2019;5;3779179,06;5,9;1,00022751;-;-;-;-;5,9
11/09/2019;5;3743547,69;5,9;1,00022751;-;-;-;-;5,9
12/09/2019;4;3680646,46;5,9;1,00022751;-;-;-;-;5,9
13/09/2019;7;3663397,14;5,9;1,00022751;-;-;-;-;5,9
16/09/2019;6;3619966,57;5,9;1,00022751;-;-;-;-;5,9
17/09/2019;4;3542797;5,9;1,00022751;-;-;-;-;5,9
18/09/2019;4;3531747,34;5,9;1,00022751;-;-;-;-;5,9
19/09/2019;7;3529748,3;5,4;1,00020872;-;-;-;-;5,4
20/09/2019;8;3535466,61;5,4;1,00020872;-;-;-;-;5,4
23/09/2019;6;3514181,99;5,4;1,00020872;-;-;-;-;5,4
24/09/2019;5;3519687,26;5,4;1,00020872;-;-;-;-;5,4
25/09/2019;5;3511241,25;5,4;1,00020872;-;-;-;-;5,4
26/09/2019;4;3403249,16;5,4;1,00020872;-;-;-;-;5,4
27/09/2019;5;3462963,98;5,4;1,00020872;-;-;-;-;5,4
30/09/2019;5;3428797,2;5,4;1,00020872;-;-;-;-;5,4
01/10/2019;3;3401372,44;5,4;1,00020872;-;-;-;-;5,4
02/10/2019;3;3603959,85;5,4;1,00020872;-;-;-;-;5,4
03/10/2019;4;3854592,92;5,4;1,00020872;-;-;-;-;5,4
04/10/2019;6;3843379,27;5,4;1,00020872;-;-;-;-;5,4
07/10/2019;5;3707206,66;5,4;1,00020872;-;-;-;-;5,4
08/10/2019;5;3724400,31;5,4;1,00020872;-;-;-;-;5,4
09/10/2019;5;3641534,98;5,4;1,00020872;-;-;-;-;5,4
10/10/2019;6;3614580,43;5,4;1,00020872;-;-;-;-;5,4
11/10/2019;5;3645875,48;5,4;1,00020872;-;-;-;-;5,4
14/10/2019;9;3604465,9;5,4;1,00020872;-;-;-;-;5,4
15/10/2019;7;3550197,75;5,4;1,00020872;-;-;-;-;5,4
16/10/2019;6;3550254,44;5,4;1,00020872;-;-;-;-;5,4
17/10/2019;6;3547818,34;5,4;1,00020872;-;-;-;-;5,4
18/10/2019;6;3511398,92;5,4;1,00020872;-;-;-;-;5,4
21/10/2019;6;3512948,9;5,4;1,00020872;-;-;-;-;5,4
22/10/2019;5;3486340,58;5,4;1,00020872;-;-;-;-;5,4
23/10/2019;6;3463707,48;5,4;1,00020872;-;-;-;-;5,4
24/10/2019;7;3458725,65;5,4;1,00020872;-;-;-;-;5,4
25/10/2019;7;3443690,49;5,4;1,00020872;-;-;-;-;5,4
28/10/2019;8;3432791,68;5,4;1,00020872;-;-;-;-;5,4
29/10/2019;5;3338777,74;5,4;1,00020872;-;-;-;-;5,4
30/10/2019;6;3337941,97;5,4;1,00020872;-;-;-;-;5,4
31/10/2019;6;3311310,5;4,9;1,00018985;-;-;-;-;4,9
01/11/2019;6;3326754,98;4,9;1,00018985;-;-;-;-;4,9
04/11/2019;6;3572942,44;4,9;1,00018985;-;-;-;-;4,9
05/11/2019;6;3753585,73;4,9;1,00018985;-;-;-;-;4,9
06/11/2019;7;3710790,41;4,9;1,00018985;-;-;-;-;4,9
07/11/2019;5;3627430,71;4,9;1,00018985;-;-;-;-;4,9
08/11/2019;6;3609849,78;4,9;1,00018985;-;-;-;-;4,9
11/11/2019;7;3665790,23;4,9;1,00018985;-;-;-;-;4,9
12/11/2019;6;3577270,91;4,9;1,00018985;-;-;-;-;4,9
13/11/2019;6;3512745,07;4,9;1,00018985;-;-;-;-;4,9
14/11/2019;8;3527417,33;4,9;1,00018985;-;-;-;-;4,9
18/11/2019;6;3530421,43;4,9;1,00018985;-;-;-;-;4,9
19/11/2019;5;3473818,19;4,9;1,00018985;-;-;-;-;4,9
20/11/2019;7;3436026,59;4,9;1,00018985;-;-;-;-;4,9
21/11/2019;6;3415904;4,9;1,00018985;-;-;-;-;4,9
22/11/2019;8;3431267,09;4,9;1,00018985;-;-;-;-;4,9
25/11/2019;5;3457633,83;4,9;1,00018985;-;-;-;-;4,9
26/11/2019;7;3401733,25;4,9;1,00018985;-;-;-;-;4,9
27/11/2019;6;3373838,08;4,9;1,00018985;-;-;-;-;4,9
28/11/2019;6;3338606,77;4,9;1,00018985;-;-;-;-;4,9
29/11/2019;5;3315867,59;4,9;1,00018985;-;-;-;-;4,9
02/12/2019;6;3476220,97;4,9;1,00018985;-;-;-;-;4,9
03/12/2019;5;3665907,24;4,9;1,00018985;-;-;-;-;4,9
04/12/2019;7;3944054,38;4,9;1,00018985;-;-;-;-;4,9
05/12/2019;9;3900236,61;4,9;1,00018985;-;-;-;-;4,9
06/12/2019;7;3887960,76;4,9;1,00018985;-;-;-;-;4,9
09/12/2019;8;3845854,46;4,9;1,00018985;-;-;-;-;4,9
10/12/2019;7;3828006,09;4,9;1,00018985;-;-;-;-;4,9
11/12/2019;7;3764203,98;4,9;1,00018985;-;-;-;-;4,9
12/12/2019;6;3708057,07;4,4;1,00017089;-;-;-;-;4,4
13/12/2019;8;3713670,23;4,4;1,00017089;-;-;-;-;4,4
16/12/2019;6;3664867,1;4,4;1,00017089;-;-;-;-;4,4
17/12/2019;8;3695081,31;4,4;1,00017089;-;-;-;-;4,4
18/12/2019;7;3642769,44;4,4;1,00017089;-;-;-;-;4,4
19/12/2019;6;3532599,94;4,4;1,00017089;-;-;-;-;4,4
20/12/2019;9;3634807,55;4,4;1,00017089;-;-;-;-;4,4
23/12/2019;8;3660487,08;4,4;1,00017089;-;-;-;-;4,4
24/12/2019;8;3678678,57;4,4;1,00017089;-;-;-;-;4,4
26/12/2019;7;3635981,14;4,4;1,00017089;-;-;-;-;4,4
27/12/2019;6;3557494,14;4,4;1,00017089;-;-;-;-;4,4
30/12/2019;7;3493099,63;4,4;1,00017089;-;-;-;-;4,4
31/12/2019;8;3497814,87;4,4;1,00017089;-;-;-;-;4,4
02/01/2020;9;3545440,05;4,4;1,00017089;-;-;-;-;4,4
03/01/2020;7;3695843,79;4,4;1,00017089;-;-;-;-;4,4
06/01/2020;10;4135302,8;4,4;1,00017089;-;-;-;-;4,4
07/01/2020;10;4057215,79;4,4;1,00017089;-;-;-;-;4,4
08/01/2020;9;3912013,98;4,4;1,00017089;-;-;-;-;4,4
09/01/2020;8;3903516,94;4,4;1,00017089;-;-;-;-;4,4
10/01/2020;8;3919640,54;4,4;1,00017089;-;-;-;-;4,4
13/01/2020;9;3861093,54;4,4;1,00017089;-;-;-;-;4,4
14/01/2020;7;3823868,41;4,4;1,00017089;-;-;-;-;4,4
15/01/2020;10;3807833,55;4,4;1,00017089;-;-;-;-;4,4
16/01/2020;9;3809537,48;4,4;1,00017089;-;-;-;-;4,4
17/01/2020;9;3804948,01;4,4;1,00017089;-;-;-;-;4,4
20/01/2020;10;3677559,92;4,4;1,00017089;-;-;-;-;4,4
21/01/2020;9;3802278,98;4,4;1,00017089;-;-;-;-;4,4
22/01/2020;9;3806428,41;4,4;1,00017089;-;-;-;-;4,4
23/01/2020;9;3695569,96;4,4;1,00017089;-;-;-;-;4,4
24/01/2020;9;3677139,05;4,4;1,00017089;-;-;-;-;4,4
27/01/2020;9;3625498,14;4,4;1,00017089;-;-;-;-;4,4
28/01/2020;6;3512788,44;4,4;1,00017089;-;-;-;-;4,4
29/01/2020;8;3543266,48;4,4;1,00017089;-;-;-;-;4,4
30/01/2020;9;3392282,94;4,4;1,00017089;-;-;-;-;4,4
31/01/2020;10;3447910,7;4,4;1,00017089;-;-;-;-;4,4
03/02/2020;8;3436600,68;4,4;1,00017089;-;-;-;-;4,4
04/02/2020;7;3576277,27;4,4;1,00017089;-;-;-;-;4,4
05/02/2020;8;3779647,49;4,4;1,00017089;-;-;-;-;4,4
06/02/2020;6;3751236,02;4,15;1,00016137;-;-;-;-;4,15
07/02/2020;7;3799044,78;4,15;1,00016137;-;-;-;-;4,15
10/02/2020;7;3828423,23;4,15;1,00016137;-;-;-;-;4,15
11/02/2020;8;3824653,49;4,15;1,00016137;-;-;-;-;4,15
12/02/2020;7;3733716,56;4,15;1,00016137;-;-;-;-;4,15
13/02/2020;7;3712095,22;4,15;1,00016137;-;-;-;-;4,15
14/02/2020;7;4143454,04;4,15;1,00016137;-;-;-;-;4,15
17/02/2020;8;4145033,85;4,15;1,00016137;-;-;-;-;4,15
18/02/2020;3;3748517,94;4,15;1,00016137;-;-;-;-;4,15
19/02/2020;7;3721777,44;4,15;1,00016137;-;-;-;-;4,15
20/02/2020;8;3546611,9;4,15;1,00016137;-;-;-;-;4,15
21/02/2020;10;3596386,44;4,15;1,00016137;-;-;-;-;4,15
26/02/2020;10;3717236,35;4,15;1,00016137;-;-;-;-;4,15
27/02/2020;8;3551457,08;4,15;1,00016137;-;-;-;-;4,15
28/02/2020;6;3443718,08;4,15;1,00016137;-;-;-;-;4,15
02/03/2020;10;3591454,64;4,15;1,00016137;-;-;-;-;4,15
03/03/2020;8;3796589,67;4,15;1,00016137;-;-;-;-;4,15
04/03/2020;8;3990457,25;4,15;1,00016137;-;-;-;-;4,15
05/03/2020;8;3989352,11;4,15;1,00016137;-;-;-;-;4,15
06/03/2020;9;3964889,83;4,15;1,00016137;-;-;-;-;4,15
09/03/2020;8;3861773,34;4,15;1,00016137;-;-;-;-;4,15
10/03/2020;6;3834749,28;4,15;1,00016137;-;-;-;-;4,15
11/03/2020;6;3826501,02;4,15;1,00016137;-;-;-;-;4,15
12/03/2020;6;3784855,89;4,15;1,00016137;-;-;-;-;4,15
13/03/2020;8;3725272,05;4,15;1,00016137;-;-;-;-;4,15
16/03/2020;6;3560145;4,15;1,00016137;-;-;-;-;4,15
17/03/2020;6;3603553,85;4,15;1,00016137;-;-;-;-;4,15
18/03/2020;6;3551503,72;4,15;1,00016137;-;-;-;-;4,15
19/03/2020;7;3572098,65;3,65;1,00014227;-;-;-;-;3,65
20/03/2020;6;3313664,9;3,65;1,00014227;-;-;-;-;3,65
23/03/2020;5;3304996,97;3,65;1,00014227;-;-;-;-;3,65
24/03/2020;6;3399575,87;3,65;1,00014227;-;-;-;-;3,65
25/03/2020;5;3363315,47;3,65;1,00014227;-;-;-;-;3,65
26/03/2020;5;3294324,99;3,65;1,00014227;-;-;-;-;3,65
27/03/2020;5;3231267,87;3,65;1,00014227;-;-;-;-;3,65
30/03/2020;4;3143579,58;3,65;1,00014227;-;-;-;-;3,65
31/03/2020;5;3089240,71;3,65;1,00014227;-;-;-;-;3,65
01/04/2020;5;3075803,28;3,65;1,00014227;-;-;-;-;3,65
02/04/2020;4;3225005,2;3,65;1,00014227;-;-;-;-;3,65
03/04/2020;6;3456113,9;3,65;1,00014227;-;-;-;-;3,65
06/04/2020;7;3464618,15;3,65;1,00014227;-;-;-;-;3,65
07/04/2020;5;3316744,2;3,65;1,00014227;-;-;-;-;3,65
08/04/2020;5;3307982,98;3,65;1,00014227;-;-;-;-;3,65
09/04/2020;3;3264733,54;3,65;1,00014227;-;-;-;-;3,65
13/04/2020;4;3166936,33;3,65;1,00014227;-;-;-;-;3,65
14/04/2020;3;3118093,33;3,65;1,00014227;-;-;-;-;3,65
15/04/2020;4;3090052,9;3,65;1,00014227;-;-;-;-;3,65
16/04/2020;4;3123639,69;3,65;1,00014227;-;-;-;-;3,65
17/04/2020;4;3088232,7;3,65;1,00014227;-;-;-;-;3,65
20/04/2020;5;3017612,93;3,65;1,00014227;-;-;-;-;3,65
22/04/2020;4;2993704,91;3,65;1,00014227;-;-;-;-;3,65
23/04/2020;4;2974216,06;3,65;1,00014227;-;-;-;-;3,65
24/04/2020;4;2928143,32;3,65;1,00014227;-;-;-;-;3,65
27/04/2020;5;2936455,19;3,65;1,00014227;-;-;-;-;3,65
28/04/2020;5;2915570,54;3,65;1,00014227;-;-;-;-;3,65
29/04/2020;5;2908133,97;3,65;1,00014227;-;-;-;-;3,65
30/04/2020;3;2790255,12;3,65;1,00014227;-;-;-;-;3,65
04/05/2020;4;2848768,32;3,65;1,00014227;-;-;-;-;3,65
05/05/2020;4;3018903,6;3,65;1,00014227;-;-;-;-;3,65
06/05/2020;4;3190322,12;3,65;1,00014227;-;-;-;-;3,65
07/05/2020;4;3179849,66;2,9;1,00011345;-;-;-;-;2,9
08/05/2020;4;3302413,34;2,9;1,00011345;-;-;-;-;2,9
11/05/2020;5;3306545,45;2,9;1,00011345;-;-;-;-;2,9
12/05/2020;5;3327524,45;2,9;1,00011345;-;-;-;-;2,9
13/05/2020;5;3203579,4;2,9;1,00011345;-;-;-;-;2,9
14/05/2020;4;3196222,41;2,9;1,00011345;-;-;-;-;2,9
15/05/2020;5;3086593,04;2,9;1,00011345;-;-;-;-;2,9
18/05/2020;5;3135071,38;2,9;1,00011345;-;-;-;-;2,9
19/05/2020;4;2941137,21;2,9;1,00011345;-;-;-;-;2,9
20/05/2020;4;2914128,14;2,9;1,00011345;-;-;-;-;2,9
21/05/2020;5;2952075,1;2,9;1,00011345;-;-;-;-;2,9
22/05/2020;4;2901393,36;2,9;1,00011345;-;-;-;-;2,9
25/05/2020;4;2857441,47;2,9;1,00011345;-;-;-;-;2,9
26/05/2020;5;2882913,66;2,9;1,00011345;-;-;-;-;2,9
27/05/2020;5;2863054,73;2,9;1,00011345;-;-;-;-;2,9
28/05/2020;5;2825282,8;2,9;1,00011345;-;-;-;-;2,9
29/05/2020;6;2842641,14;2,9;1,00011345;-;-;-;-;2,9
01/06/2020;5;2834127,24;2,9;1,00011345;-;-;-;-;2,9
02/06/2020;5;3023644,75;2,9;1,00011345;-;-;-;-;2,9
03/06/2020;4;3219373,21;2,9;1,00011345;-;-;-;-;2,9
04/06/2020;4;3235301,76;2,9;1,00011345;-;-;-;-;2,9
05/06/2020;4;3186326,81;2,9;1,00011345;-;-;-;-;2,9
08/06/2020;3;3161151,84;2,9;1,00011345;-;-;-;-;2,9
09/06/2020;3;3115841,04;2,9;1,00011345;-;-;-;-;2,9
10/06/2020;3;3077930,82;2,9;1,00011345;-;-;-;-;2,9
12/06/2020;4;3173857,99;2,9;1,00011345;-;-;-;-;2,9
15/06/2020;5;3132254,15;2,9;1,00011345;-;-;-;-;2,9
16/06/2020;4;3048724,95;2,9;1,00011345;-;-;-;-;2,9
17/06/2020;4;2998716,68;2,9;1,00011345;-;-;-;-;2,9
18/06/2020;4;3002326,04;2,15;1,00008442;-;-;-;-;2,15
19/06/2020;5;3046188,21;2,15;1,00008442;-;-;-;-;2,15
22/06/2020;4;3104703,5;2,15;1,00008442;-;-;-;-;2,15
23/06/2020;4;3069233,1;2,15;1,00008442;-;-;-;-;2,15
24/06/2020;5;3122457,8;2,15;1,00008442;-;-;-;-;2,15
25/06/2020;3;3041158,3;2,15;1,00008442;-;-;-;-;2,15
26/06/2020;4;3045596,96;2,15;1,00008442;-;-;-;-;2,15
29/06/2020;5;3076692,59;2,15;1,00008442;-;-;-;-;2,15
30/06/2020;4;2852962,99;2,15;1,00008442;-;-;-;-;2,15
01/07/2020;4;2848536,73;2,15;1,00008442;-;-;-;-;2,15
02/07/2020;4;3071246,7;2,15;1,00008442;-;-;-;-;2,15
03/07/2020;4;3441219,68;2,15;1,00008442;-;-;-;-;2,15
06/07/2020;4;3465598,17;2,15;1,00008442;-;-;-;-;2,15
07/07/2020;3;3476266,9;2,15;1,00008442;-;-;-;-;2,15
08/07/2020;4;3428385,57;2,15;1,00008442;-;-;-;-;2,15
09/07/2020;4;3412969,3;2,15;1,00008442;-;-;-;-;2,15
10/07/2020;3;3368927,54;2,15;1,00008442;-;-;-;-;2,15
13/07/2020;2;3306328,08;2,15;1,00008442;-;-;-;-;2,15
14/07/2020;3;3290338,32;2,15;1,00008442;-;-;-;-;2,15
15/07/2020;4;3279628,01;2,15;1,00008442;-;-;-;-;2,15
16/07/2020;3;3252462,57;2,15;1,00008442;-;-;-;-;2,15
17/07/2020;4;3241388,39;2,15;1,00008442;-;-;-;-;2,15
20/07/2020;5;3249149,46;2,15;1,00008442;-;-;-;-;2,15
21/07/2020;5;3213600,74;2,15;1,00008442;-;-;-;-;2,15
22/07/2020;6;3233264;2,15;1,00008442;-;-;-;-;2,15
23/07/2020;4;3233540,49;2,15;1,00008442;-;-;-;-;2,15
24/07/2020;4;3257018,41;2,15;1,00008442;-;-;-;-;2,15
27/07/2020;6;3558367,66;2,15;1,00008442;-;-;-;-;2,15
28/07/2020;3;3155459,26;2,15;1,00008442;-;-;-;-;2,15
29/07/2020;5;3147885,51;2,15;1,00008442;-;-;-;-;2,15
30/07/2020;6;3179401,78;2,15;1,00008442;-;-;-;-;2,15
31/07/2020;5;3205883,17;2,15;1,00008442;-;-;-;-;2,15
03/08/2020;6;3269954,58;2,15;1,00008442;-;-;-;-;2,15
04/08/2020;4;3424461,87;2,15;1,00008442;-;-;-;-;2,15
05/08/2020;5;3703448,16;2,15;1,00008442;-;-;-;-;2,15
06/08/2020;5;3695546,69;1,9;1,00007469;-;-;-;-;1,9
07/08/2020;5;3590916,74;1,9;1,00007469;-;-;-;-;1,9
10/08/2020;5;3673507,09;1,9;1,00007469;-;-;-;-;1,9
11/08/2020;6;3618982,22;1,9;1,00007469;-;-;-;-;1,9
12/08/2020;6;3621528,76;1,9;1,00007469;-;-;-;-;1,9
13/08/2020;5;3600339,52;1,9;1,00007469;-;-;-;-;1,9
14/08/2020;5;3458068,14;1,9;1,00007469;-;-;-;-;1,9
17/08/2020;5;3442130,08;1,9;1,00007469;-;-;-;-;1,9
18/08/2020;5;3439080,15;1,9;1,00007469;-;-;-;-;1,9
19/08/2020;6;3487735,42;1,9;1,00007469;-;-;-;-;1,9
20/08/2020;5;3513902,01;1,9;1,00007469;-;-;-;-;1,9
21/08/2020;6;3578271,9;1,9;1,00007469;-;-;-;-;1,9
24/08/2020;6;3607566,43;1,9;1,00007469;-;-;-;-;1,9
25/08/2020;7;3685257,04;1,9;1,00007469;-;-;-;-;1,9
26/08/2020;7;3681547,93;1,9;1,00007469;-;-;-;-;1,9
27/08/2020;6;3641756,49;1,9;1,00007469;-;-;-;-;1,9
28/08/2020;6;3629190,11;1,9;1,00007469;-;-;-;-;1,9
31/08/2020;6;3265931,9;1,9;1,00007469;-;-;-;-;1,9
01/09/2020;6;3293975,56;1,9;1,00007469;-;-;-;-;1,9
02/09/2020;7;3470016,81;1,9;1,00007469;-;-;-;-;1,9
03/09/2020;7;3727758,15;1,9;1,00007469;-;-;-;-;1,9
04/09/2020;7;3770109,56;1,9;1,00007469;-;-;-;-;1,9
08/09/2020;6;3700486,96;1,9;1,00007469;-;-;-;-;1,9
09/09/2020;6;3639866,96;1,9;1,00007469;-;-;-;-;1,9
10/09/2020;5;3528544,6;1,9;1,00007469;-;-;-;-;1,9
11/09/2020;6;3582592,33;1,9;1,00007469;-;-;-;-;1,9
14/09/2020;5;3420531,44;1,9;1,00007469;-;-;-;-;1,9
15/09/2020;6;3389760,2;1,9;1,00007469;-;-;-;-;1,9
16/09/2020;6;3375008,58;1,9;1,00007469;-;-;-;-;1,9
17/09/2020;7;3615310,69;1,9;1,00007469;-;-;-;-;1,9
18/09/2020;6;3648495,64;1,9;1,00007469;-;-;-;-;1,9
21/09/2020;7;3758549,26;1,9;1,00007469;-;-;-;-;1,9
22/09/2020;7;3779045,84;1,9;1,00007469;-;-;-;-;1,9
23/09/2020;7;3814093,9;1,9;1,00007469;-;-;-;-;1,9
24/09/2020;7;3807071,87;1,9;1,00007469;-;-;-;-;1,9
25/09/2020;7;3890483,21;1,9;1,00007469;-;-;-;-;1,9
28/09/2020;7;3648675,77;1,9;1,00007469;-;-;-;-;1,9
29/09/2020;7;3668377,58;1,9;1,00007469;-;-;-;-;1,9
30/09/2020;6;3422038,1;1,9;1,00007469;-;-;-;-;1,9
01/10/2020;5;3354790,3;1,9;1,00007469;-;-;-;-;1,9
02/10/2020;5;3560025,57;1,9;1,00007469;-;-;-;-;1,9
05/10/2020;5;3711425,53;1,9;1,00007469;-;-;-;-;1,9
06/10/2020;4;3718623,75;1,9;1,00007469;-;-;-;-;1,9
07/10/2020;5;3741380,82;1,9;1,00007469;-;-;-;-;1,9
08/10/2020;5;3749125,28;1,9;1,00007469;-;-;-;-;1,9
09/10/2020;5;3745716,5;1,9;1,00007469;-;-;-;-;1,9
13/10/2020;5;3654354,01;1,9;1,00007469;-;-;-;-;1,9
14/10/2020;5;3691622,45;1,9;1,00007469;-;-;-;-;1,9
15/10/2020;4;3528512,55;1,9;1,00007469;-;-;-;-;1,9
16/10/2020;5;3606749,35;1,9;1,00007469;-;-;-;-;1,9
19/10/2020;4;3458195,4;1,9;1,00007469;-;-;-;-;1,9
20/10/2020;6;3464331,88;1,9;1,00007469;-;-;-;-;1,9
21/10/2020;5;3573808,24;1,9;1,00007469;-;-;-;-;1,9
22/10/2020;5;3550285,73;1,9;1,00007469;-;-;-;-;1,9
23/10/2020;6;3530755,74;1,9;1,00007469;-;-;-;-;1,9
26/10/2020;6;3505491,89;1,9;1,00007469;-;-;-;-;1,9
27/10/2020;5;3482815,56;1,9;1,00007469;-;-;-;-;1,9
28/10/2020;5;3399319,21;1,9;1,00007469;-;-;-;-;1,9
29/10/2020;4;3330976,99;1,9;1,00007469;-;-;-;-;1,9
30/10/2020;5;3289512,6;1,9;1,00007469;-;-;-;-;1,9
