"mes","CotacaoDolar","CotacaoBrentReais","ValorBrentEmDolar","Sigla_regiao","mediaPrecoEtanol","mediaPrecoGasolina","mediaTribEstadual","mediaTribFederal","mediaDistRev","medianaPrecoEtanol","medianaPrecoGasolina","medianaTribEstadual","medianaTribFederal","medianaDistRev","MediaIPCAMes","MedianaIPCAMes","mediaGasolinaBomba","ImpPercMedia","medianaGasolinaBomba","ImpPercMediana","PIM","Estoque_Empregos","mediaCDI","IBC","MassaRendimento"
"2018-07",3.82629166666667,284.79998575,74.4058333333333,"BR",0.47700558961059,1.4418084,1.25649423049425,0.686868,0.626823779895158,0.47700558961059,1.4418084,1.25649423049425,0.686868,0.626823779895158,0.33,0.33,4.489,27.9905152705335,4.489,27.9905152705335,77,"38.575.609,00",6.39,"140,97","148006"
"2018-07",3.82629166666667,284.79998575,74.4058333333333,"CO",0.447255,1.5670618,1.28895548732681,0.686868,0.584859712673192,0.447255,1.5670618,1.28895548732681,0.686868,0.584859712673192,-0.0227215189873418,-0.0227215189873418,4.575,28.1738904333729,4.575,28.1738904333729,77,"38.575.609,00",6.39,"140,97","148006"
"2018-07",3.82629166666667,284.79998575,74.4058333333333,"N",0.557037,1.3637495,1.149242127713,0.686868,0.825103372286997,0.557037,1.3637495,1.149242127713,0.686868,0.825103372286997,0,0,4.582,25.0816701814273,4.582,25.0816701814273,77,"38.575.609,00",6.39,"140,97","148006"
"2018-07",3.82629166666667,284.79998575,74.4058333333333,"NE",0.557037,1.4103454,1.25946378347203,0.686868,0.580285816527967,0.557037,1.4103454,1.25946378347203,0.686868,0.580285816527967,0.0924354940213971,0.0924354940213971,4.494,28.0254513456171,4.494,28.0254513456171,77,"38.575.609,00",6.39,"140,97","148006"
"2018-07",3.82629166666667,284.79998575,74.4058333333333,"S",0.447255,1.439122,1.24733126492587,0.686868,0.593423735074133,0.447255,1.439122,1.24733126492587,0.686868,0.593423735074133,0.0259419394688079,0.0259419394688079,4.414,28.2585243526477,4.414,28.2585243526477,77,"38.575.609,00",6.39,"140,97","148006"
"2018-07",3.82629166666667,284.79998575,74.4058333333333,"SE",0.447255,1.4673584,1.26999157243545,0.686868,0.613527027564552,0.447255,1.4673584,1.26999157243545,0.686868,0.613527027564552,0.348963337547408,0.348963337547408,4.485,28.3164230197425,4.485,28.3164230197425,77,"38.575.609,00",6.39,"140,97","148006"
"2018-08",3.92921333333333,285.279916266667,72.5893333333333,"BR",0.462046447481728,1.4185579,1.25907936461444,0.686868,0.619448287903831,0.462046447481728,1.4185579,1.25907936461444,0.686868,0.619448287903831,-0.09,-0.09,4.446,28.3193739229519,4.446,28.3193739229519,87.5,"38.699.353,00",6.39,"143,33","149095"
"2018-08",3.92921333333333,285.279916266667,72.5893333333333,"NE",0.557037,1.4246242,1.264523345656,0.686868,0.481947454344,0.557037,1.4246242,1.264523345656,0.686868,0.481947454344,-0.103989930774072,-0.103989930774072,4.415,28.6415253829219,4.415,28.6415253829219,87.5,"38.699.353,00",6.39,"143,33","149095"
"2018-08",3.92921333333333,285.279916266667,72.5893333333333,"SE",0.426735,1.4880028,1.26295795820842,0.686868,0.595436241791582,0.426735,1.4880028,1.26295795820842,0.686868,0.595436241791582,0.0664692071518873,0.0664692071518873,4.46,28.3174430091574,4.46,28.3174430091574,87.5,"38.699.353,00",6.39,"143,33","149095"
"2018-08",3.92921333333333,285.279916266667,72.5893333333333,"N",0.557037,1.3953293,1.21382214825873,0.686868,0.75094355174127,0.557037,1.3953293,1.21382214825873,0.686868,0.75094355174127,-0.109161290322581,-0.109161290322581,4.604,26.3645123427179,4.604,26.3645123427179,87.5,"38.699.353,00",6.39,"143,33","149095"
"2018-08",3.92921333333333,285.279916266667,72.5893333333333,"CO",0.426735,1.5618788,1.27983561773976,0.686868,0.550682582260241,0.426735,1.5618788,1.27983561773976,0.686868,0.550682582260241,0.136329113924051,0.136329113924051,4.506,28.4029209440692,4.506,28.4029209440692,87.5,"38.699.353,00",6.39,"143,33","149095"
"2018-08",3.92921333333333,285.279916266667,72.5893333333333,"S",0.426735,1.4128128,1.25167095989975,0.686868,0.578913240100254,0.426735,1.4128128,1.25167095989975,0.686868,0.578913240100254,-0.0518838789376158,-0.0518838789376158,4.357,28.7278163851216,4.357,28.7278163851216,87.5,"38.699.353,00",6.39,"143,33","149095"
"2018-09",4.096575,323.876328666667,79.0733333333333,"N",0.5479515,1.5703614,1.23005786503133,0.686868,0.780761234968673,0.5479515,1.5703614,1.23005786503133,0.686868,0.780761234968673,0.0545806451612903,0.0545806451612903,4.816,25.5410686260658,4.816,25.5410686260658,72.3,"38.850.359,00",6.39,"135,87","149895"
"2018-09",4.096575,323.876328666667,79.0733333333333,"BR",0.50938250131381,1.6238412,1.25891375705289,0.686868,0.6169945416333,0.50938250131381,1.6238412,1.25891375705289,0.686868,0.6169945416333,0.48,0.48,4.696,26.8082145880087,4.696,26.8082145880087,72.3,"38.850.359,00",6.39,"135,87","149895"
"2018-09",4.096575,323.876328666667,79.0733333333333,"SE",0.495045,1.6956659,1.25809553281659,0.686868,0.555325567183406,0.495045,1.6956659,1.25809553281659,0.686868,0.555325567183406,0.337885136355427,0.337885136355427,4.691,26.8193462548836,4.691,26.8193462548836,72.3,"38.850.359,00",6.39,"135,87","149895"
"2018-09",4.096575,323.876328666667,79.0733333333333,"CO",0.495045,1.7390863,1.30326543497536,0.686868,0.582735265024642,0.495045,1.7390863,1.30326543497536,0.686868,0.582735265024642,0.222670886075949,0.222670886075949,4.807,27.1118251503091,4.807,27.1118251503091,72.3,"38.850.359,00",6.39,"135,87","149895"
"2018-09",4.096575,323.876328666667,79.0733333333333,"NE",0.5479515,1.6114458,1.26991824786055,0.686868,0.594816452139445,0.5479515,1.6114458,1.26991824786055,0.686868,0.594816452139445,0.134801762114537,0.134801762114537,4.71099999999999,26.9564476302388,4.71099999999999,26.9564476302388,72.3,"38.850.359,00",6.39,"135,87","149895"
"2018-09",4.096575,323.876328666667,79.0733333333333,"S",0.495045,1.6095916,1.23966560949957,0.686868,0.556829790500432,0.495045,1.6095916,1.23966560949957,0.686868,0.556829790500432,0.29573810994441,0.29573810994441,4.588,27.0197386551781,4.588,27.0197386551781,72.3,"38.850.359,00",6.39,"135,87","149895"
"2018-10",3.75897692307692,308.010935846154,81.8915384615385,"SE",0.536598,1.499712,1.32572485054913,0.686868,0.656097149450871,0.536598,1.499712,1.32572485054913,0.686868,0.656097149450871,0.227103124435615,0.227103124435615,4.705,28.1769362497158,4.705,28.1769362497158,80.6,"38.916.964,00",6.4,"139,75","149095"
"2018-10",3.75897692307692,308.010935846154,81.8915384615385,"CO",0.536598,1.5688868,1.3468000996996,0.686868,0.670847100300397,0.536598,1.5688868,1.3468000996996,0.686868,0.670847100300397,0.24993670886076,0.24993670886076,4.81,28.0000020727568,4.81,28.0000020727568,80.6,"38.916.964,00",6.4,"139,75","149095"
"2018-10",3.75897692307692,308.010935846154,81.8915384615385,"N",0.537003,1.410287,1.26604468703076,0.686868,0.959797312969243,0.537003,1.410287,1.26604468703076,0.686868,0.959797312969243,0.491225806451613,0.491225806451613,4.86,26.050302202279,4.86,26.050302202279,80.6,"38.916.964,00",6.4,"139,75","149095"
"2018-10",3.75897692307692,308.010935846154,81.8915384615385,"BR",0.536707753773773,1.4683804,1.31555713070718,0.686868,0.701486715519048,0.536707753773773,1.4683804,1.31555713070718,0.686868,0.701486715519048,0.45,0.45,4.709,27.9370807115562,4.709,27.9370807115562,80.6,"38.916.964,00",6.4,"139,75","149095"
"2018-10",3.75897692307692,308.010935846154,81.8915384615385,"S",0.536598,1.4617301,1.29349508207018,0.686868,0.627308817929823,0.536598,1.4617301,1.29349508207018,0.686868,0.627308817929823,0.373563928350834,0.373563928350834,4.606,28.0828285295306,4.606,28.0828285295306,80.6,"38.916.964,00",6.4,"139,75","149095"
"2018-10",3.75897692307692,308.010935846154,81.8915384615385,"NE",0.537003,1.4302817,1.3200027173266,0.686868,0.737844582673396,0.537003,1.4302817,1.3200027173266,0.686868,0.737844582673396,0.177168030207678,0.177168030207678,4.712,28.0136400111757,4.712,28.0136400111757,80.6,"38.916.964,00",6.4,"139,75","149095"
"2018-11",3.78119285714286,250.519544714286,66.33,"SE",0.491346,1.1974482,1.3078135363212,0.686868,0.829524263678801,0.491346,1.1974482,1.3078135363212,0.686868,0.829524263678801,-0.166173017879718,-0.166173017879718,4.513,28.9788064773144,4.513,28.9788064773144,75.2,"38.980.132,00",6.4,"137,61","148682"
"2018-11",3.78119285714286,250.519544714286,66.33,"BR",0.502921364673869,1.1644741,1.30005411694443,0.686868,0.850682418381697,0.502921364673869,1.1644741,1.30005411694443,0.686868,0.850682418381697,-0.21,-0.21,4.505,28.8580270131949,4.505,28.8580270131949,75.2,"38.980.132,00",6.4,"137,61","148682"
"2018-11",3.78119285714286,250.519544714286,66.33,"NE",0.53406,1.1087167,1.32504869215261,0.686868,0.877306607847394,0.53406,1.1087167,1.32504869215261,0.686868,0.877306607847394,-0.119395846444305,-0.119395846444305,4.532,29.2376145664742,4.532,29.2376145664742,75.2,"38.980.132,00",6.4,"137,61","148682"
"2018-11",3.78119285714286,250.519544714286,66.33,"S",0.491346,1.1495529,1.27404049147862,0.686868,0.816192608521384,0.491346,1.1495529,1.27404049147862,0.686868,0.816192608521384,-0.217912291537986,-0.217912291537986,4.418,28.8374941484522,4.418,28.8374941484522,75.2,"38.980.132,00",6.4,"137,61","148682"
"2018-11",3.78119285714286,250.519544714286,66.33,"CO",0.491346,1.2527457,1.30462603685113,0.686868,0.766414263148866,0.491346,1.2527457,1.30462603685113,0.686868,0.766414263148866,0.0545316455696203,0.0545316455696203,4.502,28.9788102365867,4.502,28.9788102365867,75.2,"38.980.132,00",6.4,"137,61","148682"
"2018-11",3.78119285714286,250.519544714286,66.33,"N",0.53406,1.088941,1.25418183845506,0.686868,1.05394916154494,0.53406,1.088941,1.25418183845506,0.686868,1.05394916154494,0,0,4.618,27.1585499881997,4.618,27.1585499881997,75.2,"38.980.132,00",6.4,"137,61","148682"
"2018-12",3.88477777777778,229.298921666667,59.0222222222222,"SE",0.492318,1.2052957,1.2829127066387,0.686868,0.693605593361303,0.492318,1.2052957,1.2829127066387,0.686868,0.693605593361303,0.0166173017879718,0.0166173017879718,4.361,29.4178561485599,4.361,29.4178561485599,59.7,"38.637.774,00",6.4,"136,34","155770"
"2018-12",3.88477777777778,229.298921666667,59.0222222222222,"BR",0.500805625171737,1.1926667,1.27934277811738,0.686868,0.684316896710878,0.500805625171737,1.1926667,1.27934277811738,0.686868,0.684316896710878,0.15,0.15,4.34399999999999,29.4508006012289,4.34399999999999,29.4508006012289,59.7,"38.637.774,00",6.4,"136,34","155770"
"2018-12",3.88477777777778,229.298921666667,59.0222222222222,"S",0.492318,1.2208812,1.27122336571824,0.686868,0.570709434281757,0.492318,1.2208812,1.27122336571824,0.686868,0.570709434281757,0.134898085237801,0.134898085237801,4.242,29.9675475181103,4.242,29.9675475181103,59.7,"38.637.774,00",6.4,"136,34","155770"
"2018-12",3.88477777777778,229.298921666667,59.0222222222222,"NE",0.523638,1.1421069,1.31126777721299,0.686868,0.715119322787014,0.523638,1.1421069,1.31126777721299,0.686868,0.715119322787014,0.21568281938326,0.21568281938326,4.379,29.9444571183601,4.379,29.9444571183601,59.7,"38.637.774,00",6.4,"136,34","155770"
"2018-12",3.88477777777778,229.298921666667,59.0222222222222,"N",0.523638,1.1192798,1.22173058954402,0.686868,0.781483610455984,0.523638,1.1192798,1.22173058954402,0.686868,0.781483610455984,0.436645161290323,0.436645161290323,4.333,28.195951754997,4.333,28.195951754997,59.7,"38.637.774,00",6.4,"136,34","155770"
"2018-12",3.88477777777778,229.298921666667,59.0222222222222,"CO",0.492318,1.2801353,1.25592673837621,0.686868,0.685751961623795,0.492318,1.2801353,1.25592673837621,0.686868,0.685751961623795,-0.0136329113924051,-0.0136329113924051,4.40100000000001,28.5373037576962,4.40100000000001,28.5373037576962,59.7,"38.637.774,00",6.4,"136,34","155770"
"2019-01",3.724675,220.280073666667,59.1341666666667,"SE",0.493965,1.1634959,1.25899748012593,0.686868,0.744673619874069,0.493965,1.1634959,1.25899748012593,0.686868,0.744673619874069,0.204946722051653,0.204946722051653,4.348,28.9557838115439,4.348,28.9557838115439,65.9,"38.682.440,00",6.4,"133,44","175454"
"2019-01",3.724675,220.280073666667,59.1341666666667,"S",0.493965,1.1346171,1.23087016219686,0.686868,0.689679737803141,0.493965,1.1346171,1.23087016219686,0.686868,0.689679737803141,0.0415071031500927,0.0415071031500927,4.236,29.0573692681034,4.236,29.0573692681034,65.9,"38.682.440,00",6.4,"133,44","175454"
"2019-01",3.724675,220.280073666667,59.1341666666667,"BR",0.502650181964528,1.1443042,1.25482252358461,0.686868,0.741355094450864,0.502650181964528,1.1443042,1.25482252358461,0.686868,0.741355094450864,0.32,0.32,4.33,28.9797349557647,4.33,28.9797349557647,65.9,"38.682.440,00",6.4,"133,44","175454"
"2019-01",3.724675,220.280073666667,59.1341666666667,"N",0.526014,1.0783852,1.18992408142504,0.686868,0.840808718574965,0.526014,1.0783852,1.18992408142504,0.686868,0.840808718574965,0.272903225806452,0.272903225806452,4.32200000000001,27.5317927215418,4.32200000000001,27.5317927215418,65.9,"38.682.440,00",6.4,"133,44","175454"
"2019-01",3.724675,220.280073666667,59.1341666666667,"NE",0.526014,1.1110746,1.30076806262827,0.686868,0.722275337371726,0.526014,1.1110746,1.30076806262827,0.686868,0.722275337371726,0.142504719949654,0.142504719949654,4.347,29.9233508771169,4.347,29.9233508771169,65.9,"38.682.440,00",6.4,"133,44","175454"
"2019-01",3.724675,220.280073666667,59.1341666666667,"CO",0.493965,1.2377807,1.23989212495494,0.686868,0.744494175045058,0.493965,1.2377807,1.23989212495494,0.686868,0.744494175045058,-0.077253164556962,-0.077253164556962,4.403,28.1601663628195,4.403,28.1601663628195,65.9,"38.682.440,00",6.4,"133,44","175454"
"2019-02",3.72569166666667,236.858710416667,63.5675,"SE",0.507114,1.2112379,1.23139032288085,0.686868,0.613389777119152,0.507114,1.2112379,1.23139032288085,0.686868,0.613389777119152,0.243720426223587,0.243720426223587,4.25,28.9738899501376,4.25,28.9738899501376,76.1,"38.874.943,00",6.4,"133,74","176280"
"2019-02",3.72569166666667,236.858710416667,63.5675,"S",0.507114,1.1725479,1.19847511414764,0.686868,0.521994985852364,0.507114,1.1725479,1.19847511414764,0.686868,0.521994985852364,0.0778258184064237,0.0778258184064237,4.087,29.3240791325578,4.087,29.3240791325578,76.1,"38.874.943,00",6.4,"133,74","176280"
"2019-02",3.72569166666667,236.858710416667,63.5675,"N",0.538974,1.1183308,1.13806680901114,0.686868,0.737760390988858,0.538974,1.1183308,1.13806680901114,0.686868,0.737760390988858,0.846,0.846,4.22,26.9684077964725,4.22,26.9684077964725,76.1,"38.874.943,00",6.4,"133,74","176280"
"2019-02",3.72569166666667,236.858710416667,63.5675,"CO",0.507114,1.2878587,1.19566646567311,0.686868,0.555492834326893,0.507114,1.2878587,1.19566646567311,0.686868,0.555492834326893,0.395354430379747,0.395354430379747,4.233,28.2463138595112,4.233,28.2463138595112,76.1,"38.874.943,00",6.4,"133,74","176280"
"2019-02",3.72569166666667,236.858710416667,63.5675,"NE",0.538974,1.1669561,1.27064438345396,0.686868,0.601557516546036,0.538974,1.1669561,1.27064438345396,0.686868,0.601557516546036,0.0693266205160478,0.0693266205160478,4.265,29.7923653799288,4.265,29.7923653799288,76.1,"38.874.943,00",6.4,"133,74","176280"
"2019-02",3.72569166666667,236.858710416667,63.5675,"BR",0.515747963536767,1.1907176,1.22242204549694,0.686868,0.602244390966297,0.515747963536767,1.1907176,1.22242204549694,0.686868,0.602244390966297,0.43,0.43,4.218,28.9810821597188,4.218,28.9810821597188,76.1,"38.874.943,00",6.4,"133,74","176280"
"2019-03",3.8555,254.904415769231,66.1061538461538,"S",0.501957,1.323198,1.19552995808991,0.686868,0.606447041910093,0.501957,1.323198,1.19552995808991,0.686868,0.606447041910093,0.612229771463866,0.612229771463866,4.314,27.7127945778838,4.314,27.7127945778838,73.8,"38.836.331,00",6.4,"138,99","170110"
"2019-03",3.8555,254.904415769231,66.1061538461538,"N",0.54513,1.264871,1.13639207991231,0.686868,0.795738920087692,0.54513,1.264871,1.13639207991231,0.686868,0.795738920087692,0.445741935483871,0.445741935483871,4.429,25.6579832899596,4.429,25.6579832899596,73.8,"38.836.331,00",6.4,"138,99","170110"
"2019-03",3.8555,254.904415769231,66.1061538461538,"NE",0.54513,1.2842598,1.26599159818961,0.686868,0.646750601810393,0.54513,1.2842598,1.26599159818961,0.686868,0.646750601810393,0.292712397734424,0.292712397734424,4.429,28.5841408487155,4.429,28.5841408487155,73.8,"38.836.331,00",6.4,"138,99","170110"
"2019-03",3.8555,254.904415769231,66.1061538461538,"CO",0.501957,1.43445,1.19639268559744,0.686868,0.475332314402562,0.501957,1.43445,1.19639268559744,0.686868,0.475332314402562,0.0545316455696203,0.0545316455696203,4.295,27.8554757997076,4.295,27.8554757997076,73.8,"38.836.331,00",6.4,"138,99","170110"
"2019-03",3.8555,254.904415769231,66.1061538461538,"SE",0.501957,1.3640196,1.20926185400434,0.686868,0.592893545995658,0.501957,1.3640196,1.20926185400434,0.686868,0.592893545995658,0.432049846487267,0.432049846487267,4.355,27.7672067509607,4.355,27.7672067509607,73.8,"38.836.331,00",6.4,"138,99","170110"
"2019-03",3.8555,254.904415769231,66.1061538461538,"BR",0.513656752284145,1.3350313,1.21153036535911,0.686868,0.614913582356747,0.513656752284145,1.3350313,1.21153036535911,0.686868,0.614913582356747,0.75,0.75,4.362,27.7746530343675,4.362,27.7746530343675,73.8,"38.836.331,00",6.4,"138,99","170110"
"2019-04",3.90308333333333,277.542464666667,71.1008333333333,"S",0.568026,1.4070312,1.22435874543607,0.686868,0.569716054563933,0.568026,1.4070312,1.22435874543607,0.686868,0.569716054563933,0.430636195182211,0.430636195182211,4.456,27.4766325277394,4.456,27.4766325277394,81.7,"38.972.715,00",6.4,"139,46","151464"
"2019-04",3.90308333333333,277.542464666667,71.1008333333333,"N",0.5373,1.3324252,1.17929445192642,0.686868,0.756112348073584,0.5373,1.3324252,1.17929445192642,0.686868,0.756112348073584,0.564,0.564,4.492,26.2532157597155,4.492,26.2532157597155,81.7,"38.972.715,00",6.4,"139,46","151464"
"2019-04",3.90308333333333,277.542464666667,71.1008333333333,"NE",0.5373,1.3595009,1.28684777720919,0.686868,0.712483322790806,0.5373,1.3595009,1.28684777720919,0.686868,0.712483322790806,0.319672750157332,0.319672750157332,4.583,28.0787208642634,4.583,28.0787208642634,81.7,"38.972.715,00",6.4,"139,46","151464"
"2019-04",3.90308333333333,277.542464666667,71.1008333333333,"CO",0.568026,1.5119906,1.2236923896682,0.686868,0.477423010331803,0.568026,1.5119906,1.2236923896682,0.686868,0.477423010331803,0.281746835443038,0.281746835443038,4.468,27.3879227768173,4.468,27.3879227768173,81.7,"38.972.715,00",6.4,"139,46","151464"
"2019-04",3.90308333333333,277.542464666667,71.1008333333333,"SE",0.568026,1.458832,1.24460953099492,0.686868,0.53966446900508,0.568026,1.458832,1.24460953099492,0.686868,0.53966446900508,0.27141592920354,0.27141592920354,4.498,27.670287483213,4.498,27.670287483213,81.7,"38.972.715,00",6.4,"139,46","151464"
"2019-04",3.90308333333333,277.542464666667,71.1008333333333,"BR",0.559699347029796,1.4188791,1.24230399582899,0.686868,0.596249557141213,0.559699347029796,1.4188791,1.24230399582899,0.686868,0.596249557141213,0.57,0.57,4.504,27.5822379180504,4.504,27.5822379180504,81.7,"38.972.715,00",6.4,"139,46","151464"
"2019-05",3.98662857142857,286.596511428571,71.8807142857143,"N",0.5373,1.3970886,1.21630907218607,0.686868,0.705434327813932,0.5373,1.3970886,1.21630907218607,0.686868,0.705434327813932,0.0454838709677419,0.0454838709677419,4.543,26.7732571469529,4.543,26.7732571469529,82,"39.013.389,00",6.4,"139,26","149699"
"2019-05",3.98662857142857,286.596511428571,71.8807142857143,"NE",0.5373,1.4506341,1.31946712968186,0.686868,0.644730770318138,0.5373,1.4506341,1.31946712968186,0.686868,0.644730770318138,0.0423662680931403,0.0423662680931403,4.639,28.4429215279556,4.639,28.4429215279556,82,"39.013.389,00",6.4,"139,26","149699"
"2019-05",3.98662857142857,286.596511428571,71.8807142857143,"SE",0.514485,1.5088662,1.28511934422662,0.686868,0.539661455773376,0.514485,1.5088662,1.28511934422662,0.686868,0.539661455773376,0.0720083077478779,0.0720083077478779,4.535,28.3378025187789,4.535,28.3378025187789,82,"39.013.389,00",6.4,"139,26","149699"
"2019-05",3.98662857142857,286.596511428571,71.8807142857143,"BR",0.520667795922516,1.4818343,1.28594549351355,0.686868,0.57368441056393,0.520667795922516,1.4818343,1.28594549351355,0.686868,0.57368441056393,0.13,0.13,4.549,28.2687512313377,4.549,28.2687512313377,82,"39.013.389,00",6.4,"139,26","149699"
"2019-05",3.98662857142857,286.596511428571,71.8807142857143,"CO",0.514485,1.5785885,1.30065647692761,0.686868,0.474402023072392,0.514485,1.5785885,1.30065647692761,0.686868,0.474402023072392,0.218126582278481,0.218126582278481,4.555,28.5544780884217,4.555,28.5544780884217,82,"39.013.389,00",6.4,"139,26","149699"
"2019-05",3.98662857142857,286.596511428571,71.8807142857143,"S",0.514485,1.4765564,1.27179926387867,0.686868,0.528291336121332,0.514485,1.4765564,1.27179926387867,0.686868,0.528291336121332,0.062260654725139,0.062260654725139,4.478,28.401055468483,4.478,28.401055468483,82,"39.013.389,00",6.4,"139,26","149699"
"2019-06",3.8554,245.894381333333,63.7833333333333,"N",0.5373,1.2053468,1.20900674173932,0.686868,0.948478458260679,0.5373,1.2053468,1.20900674173932,0.686868,0.948478458260679,0.145548387096774,0.145548387096774,4.587,26.3572431161831,4.587,26.3572431161831,73.6,"39.072.919,00",6.4,"135,01","149690"
"2019-06",3.8554,245.894381333333,63.7833333333333,"SE",0.496422,1.3359511,1.28558776837899,0.686868,0.603171131621015,0.496422,1.3359511,1.28558776837899,0.686868,0.603171131621015,-0.0221564023839624,-0.0221564023839624,4.408,29.1648767781077,4.408,29.1648767781077,73.6,"39.072.919,00",6.4,"135,01","149690"
"2019-06",3.8554,245.894381333333,63.7833333333333,"S",0.496422,1.2709154,1.27179926387867,0.686868,0.573995336121332,0.496422,1.2709154,1.27179926387867,0.686868,0.573995336121332,-0.212723903644225,-0.212723903644225,4.3,29.5767270669458,4.3,29.5767270669458,73.6,"39.072.919,00",6.4,"135,01","149690"
"2019-06",3.8554,245.894381333333,63.7833333333333,"NE",0.5373,1.2450807,1.32034602223187,0.686868,0.717405277768132,0.5373,1.2450807,1.32034602223187,0.686868,0.717405277768132,0.00385147891755821,0.00385147891755821,4.507,29.2954520131322,4.507,29.2954520131322,73.6,"39.072.919,00",6.4,"135,01","149690"
"2019-06",3.8554,245.894381333333,63.7833333333333,"CO",0.496422,1.3819046,1.29009766452229,0.686868,0.59170773547771,0.496422,1.3819046,1.29009766452229,0.686868,0.59170773547771,-0.0454430379746835,-0.0454430379746835,4.447,29.0105164048188,4.447,29.0105164048188,73.6,"39.072.919,00",6.4,"135,01","149690"
"2019-06",3.8554,245.894381333333,63.7833333333333,"BR",0.507499814232767,1.2975312,1.28480790168171,0.686868,0.648293084085527,0.507499814232767,1.2975312,1.28480790168171,0.686868,0.648293084085527,0.01,0.01,4.425,29.0352068176657,4.425,29.0352068176657,73.6,"39.072.919,00",6.4,"135,01","149690"
"2019-07",3.77475384615385,242.057033615385,64.1315384615385,"CO",0.486945,1.2985897,1.22231146833101,0.686868,0.585285831668994,0.486945,1.2985897,1.22231146833101,0.686868,0.585285831668994,-0.0999746835443038,-0.0999746835443038,4.28,28.5586791666124,4.28,28.5586791666124,81.7,"39.124.544,00",6.4,"142,92","150196"
"2019-07",3.77475384615385,242.057033615385,64.1315384615385,"BR",0.512171065033302,1.2061133,1.24646458704206,0.686868,0.660383047924641,0.512171065033302,1.2061133,1.24646458704206,0.686868,0.660383047924641,0.19,0.19,4.312,28.9068781781554,4.312,28.9068781781554,81.7,"39.124.544,00",6.4,"142,92","150196"
"2019-07",3.77475384615385,242.057033615385,64.1315384615385,"S",0.505224,1.1908636,1.21932466514477,0.686868,0.591719734855227,0.505224,1.1908636,1.21932466514477,0.686868,0.591719734855227,0.280172946263125,0.280172946263125,4.194,29.0730726071715,4.194,29.0730726071715,81.7,"39.124.544,00",6.4,"142,92","150196"
"2019-07",3.77475384615385,242.057033615385,64.1315384615385,"NE",0.5373,1.1233897,1.28329012372617,0.686868,0.763152176273828,0.5373,1.1233897,1.28329012372617,0.686868,0.763152176273828,-0.053920704845815,-0.053920704845815,4.394,29.2055103260394,4.394,29.2055103260394,81.7,"39.124.544,00",6.4,"142,92","150196"
"2019-07",3.77475384615385,242.057033615385,64.1315384615385,"N",0.5373,1.1370991,1.22565493071546,0.686868,0.825077969284537,0.5373,1.1370991,1.22565493071546,0.686868,0.825077969284537,0.0272903225806452,0.0272903225806452,4.412,27.7800301612752,4.412,27.7800301612752,81.7,"39.124.544,00",6.4,"142,92","150196"
"2019-07",3.77475384615385,242.057033615385,64.1315384615385,"SE",0.505224,1.2570089,1.25151900100837,0.686868,0.613380098991628,0.505224,1.2570089,1.25151900100837,0.686868,0.613380098991628,0.155094816687737,0.155094816687737,4.314,29.0106398008431,4.314,29.0106398008431,81.7,"39.124.544,00",6.4,"142,92","150196"
"2019-08",4.02208571428571,238.797102428571,59.3864285714286,"CO",0.49923,1.3274904,1.21708094865071,0.686868,0.593330651349288,0.49923,1.3274904,1.21708094865071,0.686868,0.593330651349288,0.0499873417721519,0.0499873417721519,4.324,28.1471079706455,4.324,28.1471079706455,85.1,"39.252.375,00",5.9,"141,77","151819"
"2019-08",4.02208571428571,238.797102428571,59.3864285714286,"S",0.521748,1.1654304,1.21096178682607,0.686868,0.543991813173929,0.521748,1.1654304,1.21096178682607,0.686868,0.543991813173929,-0.0207535515750463,-0.0207535515750463,4.129,29.3282099013337,4.129,29.3282099013337,85.1,"39.252.375,00",5.9,"141,77","151819"
"2019-08",4.02208571428571,238.797102428571,59.3864285714286,"BR",0.523812335414393,1.1953458,1.2383912742576,0.686868,0.658582590328009,0.523812335414393,1.1953458,1.2383912742576,0.686868,0.658582590328009,0.11,0.11,4.303,28.7797182025935,4.303,28.7797182025935,85.1,"39.252.375,00",5.9,"141,77","151819"
"2019-08",4.02208571428571,238.797102428571,59.3864285714286,"N",0.5373,1.1063004,1.20963099831401,0.686868,0.785900601685988,0.5373,1.1063004,1.20963099831401,0.686868,0.785900601685988,-0.181935483870968,-0.181935483870968,4.326,27.9618816068888,4.326,27.9618816068888,85.1,"39.252.375,00",5.9,"141,77","151819"
"2019-08",4.02208571428571,238.797102428571,59.3864285714286,"NE",0.5373,1.1303247,1.28471498556763,0.686868,0.757792314432371,0.5373,1.1303247,1.28471498556763,0.686868,0.757792314432371,0.0154059156702329,0.0154059156702329,4.397,29.2179892100894,4.397,29.2179892100894,85.1,"39.252.375,00",5.9,"141,77","151819"
"2019-08",4.02208571428571,238.797102428571,59.3864285714286,"SE",0.521748,1.2298821,1.23967373251773,0.686868,0.653828167482274,0.521748,1.2298821,1.23967373251773,0.686868,0.653828167482274,0.18279031966769,0.18279031966769,4.332,28.616660492099,4.332,28.616660492099,85.1,"39.252.375,00",5.9,"141,77","151819"
"2019-09",4.1156,260.114813416667,63.195,"BR",0.517155324516948,1.2631117,1.23405117397805,0.686868,0.666813801505003,0.517155324516948,1.2631117,1.23405117397805,0.686868,0.666813801505003,-0.04,-0.04,4.368,28.2520873163473,4.368,28.2520873163473,78.9,"39.414.409,00",5.70952380952381,"138,29","150867"
"2019-09",4.1156,260.114813416667,63.195,"N",0.5512185,1.1872136,1.18403316469689,0.686868,0.870666735303109,0.5512185,1.1872136,1.18403316469689,0.686868,0.870666735303109,0.0727741935483871,0.0727741935483871,4.48,26.4293117119842,4.48,26.4293117119842,78.9,"39.414.409,00",5.70952380952381,"138,29","150867"
"2019-09",4.1156,260.114813416667,63.195,"NE",0.5512185,1.1945063,1.2834488448038,0.686868,0.776958355196204,0.5512185,1.1945063,1.2834488448038,0.686868,0.776958355196204,0.053920704845815,0.053920704845815,4.493,28.5655206944981,4.493,28.5655206944981,78.9,"39.414.409,00",5.70952380952381,"138,29","150867"
"2019-09",4.1156,260.114813416667,63.195,"SE",0.505575,1.3048239,1.24000791444045,0.686868,0.629725185559548,0.505575,1.3048239,1.24000791444045,0.686868,0.629725185559548,-0.0332346035759436,-0.0332346035759436,4.367,28.3949602573953,4.367,28.3949602573953,78.9,"39.414.409,00",5.70952380952381,"138,29","150867"
"2019-09",4.1156,260.114813416667,63.195,"CO",0.497313,1.37167,1.22985626745565,0.686868,0.573292732544346,0.497313,1.37167,1.22985626745565,0.686868,0.573292732544346,0.186316455696203,0.186316455696203,4.359,28.2141836993726,4.359,28.2141836993726,78.9,"39.414.409,00",5.70952380952381,"138,29","150867"
"2019-09",4.1156,260.114813416667,63.195,"S",0.505575,1.2476868,1.19379926485619,0.686868,0.55807093514381,0.505575,1.2476868,1.19379926485619,0.686868,0.55807093514381,-0.0207535515750463,-0.0207535515750463,4.192,28.478035898287,4.192,28.478035898287,78.9,"39.414.409,00",5.70952380952381,"138,29","150867"
"2019-10",4.07968571428571,243.299104357143,59.6414285714286,"BR",0.537353978962894,1.3125473,1.23904167426981,0.686868,0.610189046767296,0.537353978962894,1.3125473,1.23904167426981,0.686868,0.610189046767296,0.1,0.1,4.386,28.2499241739583,4.386,28.2499241739583,86.3,"39.488.567,00",5.37826086956522,"142,76","150599"
"2019-10",4.07968571428571,243.299104357143,59.6414285714286,"NE",0.5433885,1.2643308,1.28253079602099,0.686868,0.698881903979015,0.5433885,1.2643308,1.28253079602099,0.686868,0.698881903979015,0.0308118313404657,0.0308118313404657,4.47600000000001,28.6535030388961,4.47600000000001,28.6535030388961,86.3,"39.488.567,00",5.37826086956522,"142,76","150599"
"2019-10",4.07968571428571,243.299104357143,59.6414285714286,"N",0.5433885,1.2433287,1.20721445731786,0.686868,0.837200342682145,0.5433885,1.2433287,1.20721445731786,0.686868,0.837200342682145,0.200129032258065,0.200129032258065,4.51800000000001,26.7201075103554,4.51800000000001,26.7201075103554,86.3,"39.488.567,00",5.37826086956522,"142,76","150599"
"2019-10",4.07968571428571,243.299104357143,59.6414285714286,"CO",0.52596,1.4065421,1.24113020169225,0.686868,0.545499698307754,0.52596,1.4065421,1.24113020169225,0.686868,0.545499698307754,0.0318101265822785,0.0318101265822785,4.406,28.16909218548,4.406,28.16909218548,86.3,"39.488.567,00",5.37826086956522,"142,76","150599"
"2019-10",4.07968571428571,243.299104357143,59.6414285714286,"SE",0.53649,1.3519746,1.24513708724402,0.686868,0.575530312755982,0.53649,1.3519746,1.24513708724402,0.686868,0.575530312755982,0.0775474083438685,0.0775474083438685,4.396,28.3243195460423,4.396,28.3243195460423,86.3,"39.488.567,00",5.37826086956522,"142,76","150599"
"2019-10",4.07968571428571,243.299104357143,59.6414285714286,"S",0.53649,1.2950054,1.19544215464537,0.686868,0.493194445354634,0.53649,1.2950054,1.19544215464537,0.686868,0.493194445354634,-0.00518838789376158,-0.00518838789376158,4.207,28.4155491952786,4.207,28.4155491952786,86.3,"39.488.567,00",5.37826086956522,"142,76","150599"
"2019-11",4.16744615384615,262.332777461538,62.9323076923077,"SE",0.563085,1.3913873,1.24106905899274,0.686868,0.559590641007256,0.563085,1.3913873,1.24106905899274,0.686868,0.559590641007256,0.387737041719343,0.387737041719343,4.442,27.9394205086164,4.442,27.9394205086164,79.1,"39.589.164,00",4.9,"138,84","151250"
"2019-11",4.16744615384615,262.332777461538,62.9323076923077,"S",0.563085,1.3327537,1.19685731951283,0.686868,0.542435980487171,0.563085,1.3327537,1.19685731951283,0.686868,0.542435980487171,0.243854231006794,0.243854231006794,4.322,27.6922100766504,4.322,27.6922100766504,79.1,"39.589.164,00",4.9,"138,84","151250"
"2019-11",4.16744615384615,262.332777461538,62.9323076923077,"N",0.5755725,1.2738938,1.21545777677198,0.686868,0.754207923228023,0.5755725,1.2738938,1.21545777677198,0.686868,0.754207923228023,0.846,0.846,4.506,26.974207207545,4.506,26.974207207545,79.1,"39.589.164,00",4.9,"138,84","151250"
"2019-11",4.16744615384615,262.332777461538,62.9323076923077,"CO",0.567432,1.4368444,1.25202449350629,0.686868,0.491831106493709,0.567432,1.4368444,1.25202449350629,0.686868,0.491831106493709,0.318101265822785,0.318101265822785,4.435,28.230541003524,4.435,28.230541003524,79.1,"39.589.164,00",4.9,"138,84","151250"
"2019-11",4.16744615384615,262.332777461538,62.9323076923077,"BR",0.566884163095699,1.3385426,1.24028855763205,0.686868,0.595416679272254,0.566884163095699,1.3385426,1.24028855763205,0.686868,0.595416679272254,0.51,0.51,4.428,28.0101300278241,4.428,28.0101300278241,79.1,"39.589.164,00",4.9,"138,84","151250"
"2019-11",4.16744615384615,262.332777461538,62.9323076923077,"NE",0.5755725,1.2358608,1.28767693318273,0.686868,0.681021766817266,0.5755725,1.2358608,1.28767693318273,0.686868,0.681021766817266,0.0885840151038389,0.0885840151038389,4.467,28.8264368297007,4.467,28.8264368297007,79.1,"39.589.164,00",4.9,"138,84","151250"
"2019-12",4.11218181818182,273.810131727273,66.6072727272727,"CO",0.600669,1.4963394,1.28042702631544,0.686868,0.523696573684557,0.600669,1.4963394,1.28042702631544,0.686868,0.523696573684557,0.63620253164557,0.63620253164557,4.588,27.9081740696478,4.588,27.9081740696478,59.8,"39.281.853,00",4.59047619047619,"137,54","160096"
"2019-12",4.11218181818182,273.810131727273,66.6072727272727,"S",0.590949,1.38627,1.22862467137619,0.686868,0.620288328623807,0.590949,1.38627,1.22862467137619,0.686868,0.620288328623807,0.596664607782582,0.596664607782582,4.513,27.2241230085573,4.513,27.2241230085573,59.8,"39.281.853,00",4.59047619047619,"137,54","160096"
"2019-12",4.11218181818182,273.810131727273,66.6072727272727,"SE",0.590949,1.4415018,1.24698853877274,0.686868,0.594692661227256,0.590949,1.4415018,1.24698853877274,0.686868,0.594692661227256,0.515136355427127,0.515136355427127,4.561,27.3402442177755,4.561,27.3402442177755,59.8,"39.281.853,00",4.59047619047619,"137,54","160096"
"2019-12",4.11218181818182,273.810131727273,66.6072727272727,"BR",0.59265274131961,1.4040455,1.2557684217285,0.686868,0.615665336951891,0.59265274131961,1.4040455,1.2557684217285,0.686868,0.615665336951891,1.15,1.15,4.555,27.5690103562788,4.555,27.5690103562788,59.8,"39.281.853,00",4.59047619047619,"137,54","160096"
"2019-12",4.11218181818182,273.810131727273,66.6072727272727,"N",0.593811,1.3325931,1.20824400294562,0.686868,0.670483897054375,0.593811,1.3325931,1.20824400294562,0.686868,0.670483897054375,1.61922580645161,1.61922580645161,4.492,26.8976848385045,4.492,26.8976848385045,59.8,"39.281.853,00",4.59047619047619,"137,54","160096"
"2019-12",4.11218181818182,273.810131727273,66.6072727272727,"NE",0.593811,1.3444337,1.30733501413634,0.686868,0.659552285863664,0.593811,1.3444337,1.30733501413634,0.686868,0.659552285863664,0.485286343612335,0.485286343612335,4.592,28.4698391580213,4.592,28.4698391580213,59.8,"39.281.853,00",4.59047619047619,"137,54","160096"
"2020-01",4.15099285714286,267.196844571429,64.43,"SE",0.608715,1.4100461,1.29230203139987,0.686868,0.593068868600129,0.608715,1.4100461,1.29230203139987,0.686868,0.593068868600129,0.200007510326699,0.200007510326699,4.591,28.1485957612692,4.591,28.1485957612692,71.7,"39.399.646,00",4.4,"133,61","179646"
"2020-01",4.15099285714286,267.196844571429,64.43,"BR",0.616711785179645,1.3698815,1.29070360030444,0.686868,0.61583511451591,0.616711785179645,1.3698815,1.29070360030444,0.686868,0.61583511451591,0.21,0.21,4.57999999999999,28.1813013166909,4.57999999999999,28.1813013166909,71.7,"39.399.646,00",4.4,"133,61","179646"
"2020-01",4.15099285714286,267.196844571429,64.43,"S",0.608715,1.3548581,1.27286555998955,0.686868,0.586693340010454,0.608715,1.3548581,1.27286555998955,0.686868,0.586693340010454,0.0876467065868264,0.0876467065868264,4.51,28.223183148327,4.51,28.223183148327,71.7,"39.399.646,00",4.4,"133,61","179646"
"2020-01",4.15099285714286,267.196844571429,64.43,"N",0.6373485,1.2741055,1.24067639309732,0.686868,0.794001606902682,0.6373485,1.2741055,1.24067639309732,0.686868,0.794001606902682,0.345303370786517,0.345303370786517,4.633,26.7791148952584,4.633,26.7791148952584,71.7,"39.399.646,00",4.4,"133,61","179646"
"2020-01",4.15099285714286,267.196844571429,64.43,"NE",0.6373485,1.3218767,1.32050974019575,0.686868,0.631397059804248,0.6373485,1.3218767,1.32050974019575,0.686868,0.631397059804248,0.128980367321089,0.128980367321089,4.598,28.7192200999511,4.598,28.7192200999511,71.7,"39.399.646,00",4.4,"133,61","179646"
"2020-01",4.15099285714286,267.196844571429,64.43,"CO",0.611199,1.4562186,1.29677342573195,0.686868,0.549940974268046,0.611199,1.4562186,1.29677342573195,0.686868,0.549940974268046,0.0425510204081633,0.0425510204081633,4.601,28.184599559486,4.601,28.184599559486,71.7,"39.399.646,00",4.4,"133,61","179646"
"2020-02",4.36674166666667,243.14567925,55.6708333333333,"SE",0.617166,1.3269502,1.29675888280008,0.686868,0.632256917199924,0.617166,1.3269502,1.29675888280008,0.686868,0.632256917199924,0.139399173864063,0.139399173864063,4.56,28.4376947982473,4.56,28.4376947982473,76.6,"39.625.294,00",4.19166666666667,"134,64","181171"
"2020-02",4.36674166666667,243.14567925,55.6708333333333,"BR",0.617584622628,1.2812814,1.29072767378975,0.686868,0.658538303582249,0.617584622628,1.2812814,1.29072767378975,0.686868,0.658538303582249,0.25,0.25,4.535,28.4614702048457,4.535,28.4614702048457,76.6,"39.625.294,00",4.19166666666667,"134,64","181171"
"2020-02",4.36674166666667,243.14567925,55.6708333333333,"S",0.617166,1.2692364,1.27493859013455,0.686868,0.619791009865452,0.617166,1.2692364,1.27493859013455,0.686868,0.619791009865452,0.0824910179640718,0.0824910179640718,4.468,28.5348833960284,4.468,28.5348833960284,76.6,"39.625.294,00",4.19166666666667,"134,64","181171"
"2020-02",4.36674166666667,243.14567925,55.6708333333333,"N",0.620271,1.2010325,1.19632055658099,0.686868,0.911507943419014,0.620271,1.2010325,1.19632055658099,0.686868,0.911507943419014,0.185932584269663,0.185932584269663,4.616,25.9168231495015,4.616,25.9168231495015,76.6,"39.625.294,00",4.19166666666667,"134,64","181171"
"2020-02",4.36674166666667,243.14567925,55.6708333333333,"NE",0.620271,1.203843,1.31876021213573,0.686868,0.682257787864272,0.620271,1.203843,1.31876021213573,0.686868,0.682257787864272,0.0606966434452185,0.0606966434452185,4.512,29.2278415810224,4.512,29.2278415810224,76.6,"39.625.294,00",4.19166666666667,"134,64","181171"
"2020-02",4.36674166666667,243.14567925,55.6708333333333,"CO",0.612738,1.3644211,1.30852578208194,0.686868,0.585447117918064,0.612738,1.3644211,1.30852578208194,0.686868,0.585447117918064,0.0765918367346939,0.0765918367346939,4.558,28.7083322089061,4.558,28.7083322089061,76.6,"39.625.294,00",4.19166666666667,"134,64","181171"
"2020-03",4.89271666666667,166.968496583333,34.5483333333333,"SE",0.545967,1.1112936,1.2852307042607,0.686868,0.789640695739301,0.545967,1.1112936,1.2852307042607,0.686868,0.789640695739301,0.0545475028163725,0.0545475028163725,4.419,29.0841978787214,4.419,29.0841978787214,72.3,"39.348.944,00",3.94545454545455,"136,69","172286"
"2020-03",4.89271666666667,166.968496583333,34.5483333333333,"N",0.573589296,0.9753165,1.22889954399801,0.686868,1.03232666000199,0.573589296,0.9753165,1.22889954399801,0.686868,1.03232666000199,-0.141662921348315,-0.141662921348315,4.497,27.327096820058,4.497,27.327096820058,72.3,"39.348.944,00",3.94545454545455,"136,69","172286"
"2020-03",4.89271666666667,166.968496583333,34.5483333333333,"S",0.545967,1.0230731,1.26357240678448,0.686868,0.78251949321552,0.545967,1.0230731,1.26357240678448,0.686868,0.78251949321552,-0.164982035928144,-0.164982035928144,4.302,29.3717435328796,4.302,29.3717435328796,72.3,"39.348.944,00",3.94545454545455,"136,69","172286"
"2020-03",4.89271666666667,166.968496583333,34.5483333333333,"NE",0.573589296,1.0283948,1.31126706767884,0.686868,0.816880836321159,0.573589296,1.0283948,1.31126706767884,0.686868,0.816880836321159,0.0644901836605447,0.0644901836605447,4.417,29.6868251681875,4.417,29.6868251681875,72.3,"39.348.944,00",3.94545454545455,"136,69","172286"
"2020-03",4.89271666666667,166.968496583333,34.5483333333333,"CO",0.54324,1.14902,1.33312012343094,0.686868,0.698751876569061,0.54324,1.14902,1.33312012343094,0.686868,0.698751876569061,-0.314877551020408,-0.314877551020408,4.411,30.2226280532972,4.411,30.2226280532972,72.3,"39.348.944,00",3.94545454545455,"136,69","172286"
"2020-03",4.89271666666667,166.968496583333,34.5483333333333,"BR",0.553192161509803,1.0674571,1.28653870573157,0.686868,0.805944032758627,0.553192161509803,1.0674571,1.28653870573157,0.686868,0.805944032758627,0.07,0.07,4.4,29.2395160393539,4.4,29.2395160393539,72.3,"39.348.944,00",3.94545454545455,"136,69","172286"
"2020-04",5.31320769230769,94.0374269230769,17.8053846153846,"S",0.415476,0.6753595,1.12121748299581,0.686868,0.907079017004185,0.415476,0.6753595,1.12121748299581,0.686868,0.907079017004185,-0.0257784431137725,-0.0257784431137725,3.806,29.4592086966845,3.806,29.4592086966845,47.4,"38.385.241,00",3.65,"119,12","151517"
"2020-04",5.31320769230769,94.0374269230769,17.8053846153846,"N",0.4502090295,0.5902561,1.14817552122353,0.686868,1.20549134927647,0.4502090295,0.5902561,1.14817552122353,0.686868,1.20549134927647,-0.115101123595506,-0.115101123595506,4.081,28.1346611424536,4.081,28.1346611424536,47.4,"38.385.241,00",3.65,"119,12","151517"
"2020-04",5.31320769230769,94.0374269230769,17.8053846153846,"NE",0.4502090295,0.631377,1.25238108654663,0.686868,0.931164883953365,0.4502090295,0.631377,1.25238108654663,0.686868,0.931164883953365,-0.0606966434452185,-0.0606966434452185,3.952,31.6898048215241,3.952,31.6898048215241,47.4,"38.385.241,00",3.65,"119,12","151517"
"2020-04",5.31320769230769,94.0374269230769,17.8053846153846,"SE",0.415476,0.7450161,1.17169394272274,0.686868,0.948945957277262,0.415476,0.7450161,1.17169394272274,0.686868,0.948945957277262,-0.224305555555556,-0.224305555555556,3.968,29.5285771855529,3.968,29.5285771855529,47.4,"38.385.241,00",3.65,"119,12","151517"
"2020-04",5.31320769230769,94.0374269230769,17.8053846153846,"CO",0.393606,0.7871663,1.1581616834464,0.686868,0.822198016553602,0.393606,0.7871663,1.1581616834464,0.686868,0.822198016553602,-0.225520408163265,-0.225520408163265,3.848,30.0977568463201,3.848,30.0977568463201,47.4,"38.385.241,00",3.65,"119,12","151517"
"2020-04",5.31320769230769,94.0374269230769,17.8053846153846,"BR",0.422800212866392,0.6987268,1.17426277898127,0.686868,0.946342208152334,0.422800212866392,0.6987268,1.17426277898127,0.686868,0.946342208152334,-0.31,-0.31,3.929,29.8870648760822,3.929,29.8870648760822,47.4,"38.385.241,00",3.65,"119,12","151517"
"2020-05",5.65388333333333,157.850947,27.9841666666667,"S",0.426816,0.8742626,1.07260047367391,0.686868,0.636452926326086,0.426816,0.8742626,1.07260047367391,0.686868,0.636452926326086,-0.226850299401198,-0.226850299401198,3.697,29.0127258229351,3.697,29.0127258229351,52.9,"38.011.645,00",3.0125,"119,78","145661"
"2020-05",5.65388333333333,157.850947,27.9841666666667,"NE",0.462915,0.8276813,1.2362124262512,0.686868,0.642323273748802,0.462915,0.8276813,1.2362124262512,0.686868,0.642323273748802,-0.178296390120329,-0.178296390120329,3.856,32.0594508882572,3.856,32.0594508882572,52.9,"38.011.645,00",3.0125,"119,78","145661"
"2020-05",5.65388333333333,157.850947,27.9841666666667,"N",0.462915,0.7872101,1.10849721811611,0.686868,0.955509681883892,0.462915,0.7872101,1.10849721811611,0.686868,0.955509681883892,-0.345303370786517,-0.345303370786517,4.001,27.7055040768835,4.001,27.7055040768835,52.9,"38.011.645,00",3.0125,"119,78","145661"
"2020-05",5.65388333333333,157.850947,27.9841666666667,"CO",0.407808,0.9729732,1.10415219156888,0.686868,0.62919860843112,0.407808,0.9729732,1.10415219156888,0.686868,0.62919860843112,-0.106377551020408,-0.106377551020408,3.801,29.0489921486156,3.801,29.0489921486156,52.9,"38.011.645,00",3.0125,"119,78","145661"
"2020-05",5.65388333333333,157.850947,27.9841666666667,"SE",0.426816,0.9379113,1.13718793373905,0.686868,0.681216766260945,0.426816,0.9379113,1.13718793373905,0.686868,0.681216766260945,-0.169744744744745,-0.169744744744745,3.86999999999999,29.3847011302081,3.86999999999999,29.3847011302081,52.9,"38.011.645,00",3.0125,"119,78","145661"
"2020-05",5.65388333333333,157.850947,27.9841666666667,"BR",0.434783674753904,0.8873588,1.13821781788303,0.686868,0.68777170736307,0.434783674753904,0.8873588,1.13821781788303,0.686868,0.68777170736307,-0.38,-0.38,3.835,29.6797344949942,3.835,29.6797344949942,52.9,"38.011.645,00",3.0125,"119,78","145661"
"2020-06",5.18789166666667,207.998117666667,40.0591666666667,"NE",0.5590755,1.0559815,1.22036256498672,0.686868,0.565712435013284,0.5590755,1.0559815,1.22036256498672,0.686868,0.565712435013284,0.257960734642179,0.257960734642179,4.088,29.8523132335303,4.088,29.8523132335303,59.6,"37.981.600,00",2.57857142857143,"126,17","140429"
"2020-06",5.18789166666667,207.998117666667,40.0591666666667,"S",0.506574,1.0875175,1.07891179077778,0.686868,0.571128709222222,0.506574,1.0875175,1.07891179077778,0.686868,0.571128709222222,-0.00515568862275449,-0.00515568862275449,3.931,27.4462424517369,3.931,27.4462424517369,59.6,"37.981.600,00",2.57857142857143,"126,17","140429"
"2020-06",5.18789166666667,207.998117666667,40.0591666666667,"CO",0.485298,1.1875421,1.1329783095983,0.686868,0.504313590401701,0.485298,1.1875421,1.1329783095983,0.686868,0.504313590401701,0.0425510204081633,0.0425510204081633,3.997,28.3457170277283,3.997,28.3457170277283,59.6,"37.981.600,00",2.57857142857143,"126,17","140429"
"2020-06",5.18789166666667,207.998117666667,40.0591666666667,"N",0.5590755,1.0004723,1.09392371002722,0.686868,0.76466048997278,0.5590755,1.0004723,1.09392371002722,0.686868,0.76466048997278,-0.159370786516854,-0.159370786516854,4.105,26.6485678447557,4.105,26.6485678447557,59.6,"37.981.600,00",2.57857142857143,"126,17","140429"
"2020-06",5.18789166666667,207.998117666667,40.0591666666667,"SE",0.506574,1.1291129,1.08851060898273,0.686868,0.606934491017275,0.506574,1.1291129,1.08851060898273,0.686868,0.606934491017275,0.175807057057057,0.175807057057057,4.01800000000001,27.0908563708992,4.01800000000001,27.0908563708992,59.6,"37.981.600,00",2.57857142857143,"126,17","140429"
"2020-06",5.18789166666667,207.998117666667,40.0591666666667,"BR",0.518770134728533,1.0952701,1.11771607430419,0.686868,0.603375690967272,0.518770134728533,1.0952701,1.11771607430419,0.686868,0.603375690967272,0.26,0.26,4.02199999999999,27.7900565465985,4.02199999999999,27.7900565465985,59.6,"37.981.600,00",2.57857142857143,"126,17","140429"
"2020-07",5.28032,227.544550266667,43.0973333333333,"N",0.5282816625,1.1793953,1.12748903432444,0.686868,0.645966003175559,0.5282816625,1.1793953,1.12748903432444,0.686868,0.645966003175559,0.637483146067416,0.637483146067416,4.168,27.0510804780336,4.168,27.0510804780336,72.2,"38.118.972,00",2.15,"135,87","137654"
"2020-07",5.28032,227.544550266667,43.0973333333333,"CO",0.489348,1.3648445,1.20677433910101,0.686868,0.458165160898986,0.489348,1.3648445,1.20677433910101,0.686868,0.458165160898986,0.106377551020408,0.106377551020408,4.206,28.6917341678795,4.206,28.6917341678795,72.2,"38.118.972,00",2.15,"135,87","137654"
"2020-07",5.28032,227.544550266667,43.0973333333333,"SE",0.506547,1.3323376,1.15619770656076,0.686868,0.504049693439243,0.506547,1.3323376,1.15619770656076,0.686868,0.504049693439243,0.145495495495495,0.145495495495495,4.186,27.6205854410119,4.186,27.6205854410119,72.2,"38.118.972,00",2.15,"135,87","137654"
"2020-07",5.28032,227.544550266667,43.0973333333333,"NE",0.5282816625,1.2206257,1.25056608872956,0.686868,0.62965854877044,0.5282816625,1.2206257,1.25056608872956,0.686868,0.62965854877044,0.235199493350222,0.235199493350222,4.316,28.975117903836,4.316,28.975117903836,72.2,"38.118.972,00",2.15,"135,87","137654"
"2020-07",5.28032,227.544550266667,43.0973333333333,"S",0.506547,1.2658784,1.15889856334833,0.686868,0.505808036651672,0.506547,1.2658784,1.15889856334833,0.686868,0.505808036651672,0.190760479041916,0.190760479041916,4.124,28.1013230685822,4.124,28.1013230685822,72.2,"38.118.972,00",2.15,"135,87","137654"
"2020-07",5.28032,227.544550266667,43.0973333333333,"BR",0.510794721435384,1.2858804,1.1786975834361,0.686868,0.540759295128515,0.510794721435384,1.2858804,1.1786975834361,0.686868,0.540759295128515,0.36,0.36,4.203,28.0441966080443,4.203,28.0441966080443,72.2,"38.118.972,00",2.15,"135,87","137654"
"2020-08",5.465225,244.757913833333,44.7766666666667,"CO",0.512217,1.3350824,1.24071141078249,0.686868,0.631121189217511,0.512217,1.3350824,1.24071141078249,0.686868,0.631121189217511,0.280836734693878,0.280836734693878,4.406,28.1595871716407,4.406,28.1595871716407,80.4,"38.362.238,00",1.93571428571429,"135,51","137510"
"2020-08",5.465225,244.757913833333,44.7766666666667,"N",0.5283714105,1.1544877,1.12740044659809,0.686868,0.826872442901909,0.5283714105,1.1544877,1.12740044659809,0.686868,0.826872442901909,-0.0354157303370786,-0.0354157303370786,4.324,26.0730908093915,4.324,26.0730908093915,80.4,"38.362.238,00",1.93571428571429,"135,51","137510"
"2020-08",5.465225,244.757913833333,44.7766666666667,"S",0.515808,1.237131,1.17494725440261,0.686868,0.538245745597385,0.515808,1.237131,1.17494725440261,0.686868,0.538245745597385,0.170137724550898,0.170137724550898,4.153,28.2915303251291,4.153,28.2915303251291,80.4,"38.362.238,00",1.93571428571429,"135,51","137510"
"2020-08",5.465225,244.757913833333,44.7766666666667,"BR",0.518869747090319,1.2770547,1.19521934881022,0.686868,0.589988204099456,0.518869747090319,1.2770547,1.19521934881022,0.686868,0.589988204099456,0.24,0.24,4.268,28.00420217456,4.268,28.00420217456,80.4,"38.362.238,00",1.93571428571429,"135,51","137510"
"2020-08",5.465225,244.757913833333,44.7766666666667,"SE",0.515808,1.3477406,1.17660163284249,0.686868,0.48898176715751,0.515808,1.3477406,1.17660163284249,0.686868,0.48898176715751,0.0969923736892278,0.0969923736892278,4.216,27.9080083691293,4.216,27.9080083691293,80.4,"38.362.238,00",1.93571428571429,"135,51","137510"
"2020-08",5.465225,244.757913833333,44.7766666666667,"NE",0.5283714105,1.2112598,1.25697422385481,0.686868,0.692526565645195,0.5283714105,1.2112598,1.25697422385481,0.686868,0.692526565645195,0.04931602279924,0.04931602279924,4.376,28.7242738540861,4.376,28.7242738540861,80.4,"38.362.238,00",1.93571428571429,"135,51","137510"
"2020-09",5.390325,220.497906083333,40.9025,"CO",0.512217,1.3350824,1.24071141078249,0.686868,0.631121189217511,0.512217,1.3350824,1.24071141078249,0.686868,0.631121189217511,0.438275510204082,0.438275510204082,4.406,28.1595871716407,4.406,28.1595871716407,84.8,"38.681.647,00",1.9,"137,06","139961"
"2020-09",5.390325,220.497906083333,40.9025,"S",0.515808,1.237131,1.17494725440261,0.686868,0.538245745597385,0.515808,1.237131,1.17494725440261,0.686868,0.538245745597385,0.350586826347305,0.350586826347305,4.153,28.2915303251291,4.153,28.2915303251291,84.8,"38.681.647,00",1.9,"137,06","139961"
"2020-09",5.390325,220.497906083333,40.9025,"NE",0.279460314,1.2112598,1.25697422385481,0.686868,0.941437662145194,0.279460314,1.2112598,1.25697422385481,0.686868,0.941437662145194,0.0872514249525016,0.0872514249525016,4.376,28.7242738540861,4.376,28.7242738540861,84.8,"38.681.647,00",1.9,"137,06","139961"
"2020-09",5.390325,220.497906083333,40.9025,"BR",0.451415593572499,1.2770547,1.19521934881022,0.686868,0.657442357617276,0.451415593572499,1.2770547,1.19521934881022,0.686868,0.657442357617276,0.64,0.64,4.268,28.00420217456,4.268,28.00420217456,84.8,"38.681.647,00",1.9,"137,06","139961"
"2020-09",5.390325,220.497906083333,40.9025,"N",0.279460314,1.1544877,1.12740044659809,0.686868,1.07578353940191,0.279460314,1.1544877,1.12740044659809,0.686868,1.07578353940191,0.841123595505618,0.841123595505618,4.324,26.0730908093915,4.324,26.0730908093915,84.8,"38.681.647,00",1.9,"137,06","139961"
"2020-09",5.390325,220.497906083333,40.9025,"SE",0.515808,1.3477406,1.17660163284249,0.686868,0.48898176715751,0.515808,1.3477406,1.17660163284249,0.686868,0.48898176715751,0.227336711711712,0.227336711711712,4.216,27.9080083691293,4.216,27.9080083691293,84.8,"38.681.647,00",1.9,"137,06","139961"
"2020-10",5.6428,227.918036071429,40.3992857142857,"BR",0.654686900378832,1.3727504,1.23913300367627,0.69,0.401561695944897,0.654686900378832,1.3727504,1.23913300367627,0.69,0.401561695944897,0.86,0.86,4.358132,28.432663436451,4.358132,28.432663436451,91.3,"39.074.028,00",1.9,"139,47","141908"
"2020-10",5.6428,227.918036071429,40.3992857142857,"CO",0.631881,1.3783422,1.33138237116361,0.69,0.607526428836393,0.631881,1.3783422,1.33138237116361,0.69,0.607526428836393,0.361683673469388,0.361683673469388,4.639132,28.6989542691092,4.639132,28.6989542691092,91.3,"39.074.028,00",1.9,"139,47","141908"
"2020-10",5.6428,227.918036071429,40.3992857142857,"N",0.6914835,1.2174721,1.17485600028339,0.69,0.614320399716605,0.6914835,1.2174721,1.17485600028339,0.69,0.614320399716605,1.04476404494382,1.04476404494382,4.388132,26.7734881330687,4.388132,26.7734881330687,91.3,"39.074.028,00",1.9,"139,47","141908"
"2020-10",5.6428,227.918036071429,40.3992857142857,"NE",0.6914835,1.2126249,1.28728731400184,0.69,0.44,0.6914835,1.2126249,1.28728731400184,0.69,0.44,0.170709309689677,0.170709309689677,4.32139571400184,29.7886932647912,4.32139571400184,29.7886932647912,91.3,"39.074.028,00",1.9,"139,47","141908"
"2020-10",5.6428,227.918036071429,40.3992857142857,"S",0.642384,1.2792593,1.21770371292779,0.69,0.426784987072208,0.642384,1.2792593,1.21770371292779,0.69,0.426784987072208,0.324808383233533,0.324808383233533,4.256132,28.6105720623277,4.256132,28.6105720623277,91.3,"39.074.028,00",1.9,"139,47","141908"
"2020-10",5.6428,227.918036071429,40.3992857142857,"SE",0.642384,1.5641783,1.21642937365539,0.69,0.243140326344614,0.642384,1.5641783,1.21642937365539,0.69,0.243140326344614,0.539545795795796,0.539545795795796,4.356132,27.9245296895362,4.356132,27.9245296895362,91.3,"39.074.028,00",1.9,"139,47","141908"
